layer_key,label,source_kinds,declared_assets,original_blocker,current_readable,current_blocker
a1AccidentRealtime,A1 即時事故 A1 Realtime,supabase,./geo/_empty.geojson,NO_QUERY_DESCRIPTOR_OR_READER,unknown_or_unavailable,NO_QUERY_DESCRIPTOR_OR_READER
agriCropSuitability,作物適栽 Crop Suitability,custom,./agriculture/crop_suitability_132.pmtiles,NO_QUERY_DESCRIPTOR_OR_READER,unknown_or_unavailable,NO_QUERY_DESCRIPTOR_OR_READER
agriculture,農田範圍 FTW Fields 2025,custom,./agriculture/ftw_fields_2025.pmtiles,NO_QUERY_DESCRIPTOR_OR_READER,unknown_or_unavailable,NO_QUERY_DESCRIPTOR_OR_READER
agriLeisureFarmZones,休閒農業區 Leisure Farm Zones,custom,./agriculture/leisure_farm_zones_2025.pmtiles,NO_QUERY_DESCRIPTOR_OR_READER,unknown_or_unavailable,NO_QUERY_DESCRIPTOR_OR_READER
agriPOI,休農場 / 田媽媽 / 特色農旅 POI,custom,./agriculture/agriculture_pois.geojson,NO_QUERY_DESCRIPTOR_OR_READER,registered,
agriProduceWholesale,蔬果批發商 Produce Wholesale,pmtiles,./agriculture/produce_wholesale_companies.pmtiles,NO_QUERY_DESCRIPTOR_OR_READER,unknown_or_unavailable,NO_QUERY_DESCRIPTOR_OR_READER
agriRetail,農產零售商 Retail,pmtiles,./agriculture/agri_retail_companies.pmtiles,NO_QUERY_DESCRIPTOR_OR_READER,unknown_or_unavailable,NO_QUERY_DESCRIPTOR_OR_READER
agriRuralRegen,農村再生社區 Rural Regen,custom,./agriculture/rural_regen_communities_2025.pmtiles,NO_QUERY_DESCRIPTOR_OR_READER,unknown_or_unavailable,NO_QUERY_DESCRIPTOR_OR_READER
agriSoil,全台土壤分類 Soil Map,custom,./agriculture/soil_map_national.pmtiles,NO_QUERY_DESCRIPTOR_OR_READER,unknown_or_unavailable,NO_QUERY_DESCRIPTOR_OR_READER
agriSoilFertility,土壤肥力 250m Soil Fertility,custom,./agriculture/soil_fertility_grid_250m.pmtiles,NO_QUERY_DESCRIPTOR_OR_READER,unknown_or_unavailable,NO_QUERY_DESCRIPTOR_OR_READER
airports,機場 Airport,geojson,./geo/airports.geojson|./geo/airports.geojson,NO_QUERY_DESCRIPTOR_OR_READER,unknown_or_unavailable,NO_QUERY_DESCRIPTOR_OR_READER
aisstreamVessels,AISStream 船舶 AISStream Vessels,custom,,NO_QUERY_DESCRIPTOR_OR_READER,unknown_or_unavailable,NO_QUERY_DESCRIPTOR_OR_READER
allenCoralAtlas,珊瑚礁棲地分類 Allen Coral Atlas（私人研究）,custom,,QUERY_ACCESS_DISABLED,unknown_or_unavailable,QUERY_ACCESS_DISABLED
animalAdoption,待認領養動物 Animal Adoption,custom,,NO_QUERY_DESCRIPTOR_OR_READER,unknown_or_unavailable,NO_QUERY_DESCRIPTOR_OR_READER
animalShelterPressure,收容壓力 Shelter Pressure,custom,,NO_QUERY_DESCRIPTOR_OR_READER,unknown_or_unavailable,NO_QUERY_DESCRIPTOR_OR_READER
animalWelfarePoints,動物服務據點 Animal Services,custom,,NO_QUERY_DESCRIPTOR_OR_READER,unknown_or_unavailable,NO_QUERY_DESCRIPTOR_OR_READER
aqiImagery,空氣品質色階 AQI Raster,custom,,NO_QUERY_DESCRIPTOR_OR_READER,unknown_or_unavailable,NO_QUERY_DESCRIPTOR_OR_READER
aqiMicroSensors,LASS 微型感測 Micro Sensor,custom,,NO_QUERY_DESCRIPTOR_OR_READER,unknown_or_unavailable,NO_QUERY_DESCRIPTOR_OR_READER
aqiStations,空氣品質測站 AQI Station,custom,,NO_QUERY_DESCRIPTOR_OR_READER,unknown_or_unavailable,NO_QUERY_DESCRIPTOR_OR_READER
aquacultureIntegrated,養殖漁業整合 Integrated,pmtiles,./fishery/aquaculture_integrated.pmtiles,NO_QUERY_DESCRIPTOR_OR_READER,unknown_or_unavailable,NO_QUERY_DESCRIPTOR_OR_READER
aquaculturePonds,逐口魚塭 Aquaculture Ponds,pmtiles,./fishery/aquaculture_ponds_osm.pmtiles,NO_QUERY_DESCRIPTOR_OR_READER,unknown_or_unavailable,NO_QUERY_DESCRIPTOR_OR_READER
aquacultureWaterSatellite,衛星偵測養殖水體 Satellite Detected,pmtiles,./fishery/aquaculture_water_satellite.pmtiles,NO_QUERY_DESCRIPTOR_OR_READER,unknown_or_unavailable,NO_QUERY_DESCRIPTOR_OR_READER
aquacultureWaterSatelliteMoa,魚塭·官方標籤版(2026-07) MOA Labeled,pmtiles,./fishery/aquaculture_water_satellite_moa.pmtiles,NO_QUERY_DESCRIPTOR_OR_READER,unknown_or_unavailable,NO_QUERY_DESCRIPTOR_OR_READER
aquacultureWaterUnion,魚塭·整合版 (官方∪衛星) Union,pmtiles,./fishery/aquaculture_water_sat_union.pmtiles,NO_QUERY_DESCRIPTOR_OR_READER,unknown_or_unavailable,NO_QUERY_DESCRIPTOR_OR_READER
aspectVector,坡向分級 Aspect 8向,custom,./base_map/aspect_vector.pmtiles,NO_QUERY_DESCRIPTOR_OR_READER,unknown_or_unavailable,NO_QUERY_DESCRIPTOR_OR_READER
aviationControl,飛航情報/終端管制 ✈️ FIR + TMA,custom,./coverage/aviation_airspace.pmtiles,NO_QUERY_DESCRIPTOR_OR_READER,unknown_or_unavailable,NO_QUERY_DESCRIPTOR_OR_READER
aviationRestricted,機場管制/限航/危險 ⛔ CTR+RCR+DANGER,custom,./coverage/aviation_airspace.pmtiles,NO_QUERY_DESCRIPTOR_OR_READER,unknown_or_unavailable,NO_QUERY_DESCRIPTOR_OR_READER
aviationRestrictedGlow,機場管制/限航 Rim Glow 測試 ⛔✨,custom,./coverage/aviation_airspace.pmtiles,NO_QUERY_DESCRIPTOR_OR_READER,unknown_or_unavailable,NO_QUERY_DESCRIPTOR_OR_READER
bridgeComparisonNewTaipei,新北橋梁 OSM 比對,pmtiles,./network_structures/bridge_comparison_new_taipei_20260906.pmtiles,NO_QUERY_DESCRIPTOR_OR_READER,unknown_or_unavailable,NO_QUERY_DESCRIPTOR_OR_READER
buildingsGba,建物輪廓 Buildings,pmtiles,./urban/buildings_value_taiwan.pmtiles,NO_QUERY_DESCRIPTOR_OR_READER,unknown_or_unavailable,NO_QUERY_DESCRIPTOR_OR_READER
busIntercityLive,公路客運 Intercity,custom,,NO_QUERY_DESCRIPTOR_OR_READER,unknown_or_unavailable,NO_QUERY_DESCRIPTOR_OR_READER
busStationsCity,市區公車站 City Bus,pmtiles,./geo/bus_stations_city.pmtiles,NO_QUERY_DESCRIPTOR_OR_READER,unknown_or_unavailable,NO_QUERY_DESCRIPTOR_OR_READER
canopyHeight,樹冠高度 Canopy Height,pmtiles,./forestry/canopy_height_rgb_taiwan.pmtiles,NO_QUERY_DESCRIPTOR_OR_READER,unknown_or_unavailable,NO_QUERY_DESCRIPTOR_OR_READER
cemeteryOsm,墓區範圍 OSM Cemeteries,pmtiles,./funeral/cemetery_osm.pmtiles,NO_QUERY_DESCRIPTOR_OR_READER,unknown_or_unavailable,NO_QUERY_DESCRIPTOR_OR_READER
civilDefenseShelter,防空避難 Civil Defense Shelters,pmtiles,./police_justice/civil_defense_shelters/civil_defense_shelters.pmtiles,NO_QUERY_DESCRIPTOR_OR_READER,unknown_or_unavailable,NO_QUERY_DESCRIPTOR_OR_READER
coalTerminal,煤炭碼頭 Coal Terminal,supabase,./geo/_empty.geojson,NO_QUERY_DESCRIPTOR_OR_READER,unknown_or_unavailable,NO_QUERY_DESCRIPTOR_OR_READER
companyAgeStructure,公司年齡結構 Company Age,pmtiles,./business_registry/company_demographics_grid_1500m_202608.pmtiles|./business_registry/company_demographics_grid_450m_202608.pmtiles,NO_QUERY_DESCRIPTOR_OR_READER,unknown_or_unavailable,NO_QUERY_DESCRIPTOR_OR_READER
companyCapitalGrid,公司資本額網格 Company Capital Grid,pmtiles,./business_registry/company_capital_grid_150m_202608_r2.pmtiles|./business_registry/company_capital_grid_450m_202608_r2.pmtiles|./business_registry/company_capital_grid_1500m_202608_r2.pmtiles,NO_QUERY_DESCRIPTOR_OR_READER,unknown_or_unavailable,NO_QUERY_DESCRIPTOR_OR_READER
companyIndustryDistribution,登記產業分布 Company Industry,pmtiles,./business_registry/company_demographics_grid_1500m_202608.pmtiles|./business_registry/company_demographics_grid_450m_202608.pmtiles,NO_QUERY_DESCRIPTOR_OR_READER,unknown_or_unavailable,NO_QUERY_DESCRIPTOR_OR_READER
companyPoints,公司登記分布 Company Registry,pmtiles,./business_registry/company_capital_grid_1500m_202608_r2.pmtiles|./business_registry/company_capital_grid_450m_202608_r2.pmtiles|./business_registry/company_points_202608_r2.pmtiles,NO_QUERY_DESCRIPTOR_OR_READER,unknown_or_unavailable,NO_QUERY_DESCRIPTOR_OR_READER
contour25k,等高線 Contour 25k (10m),pmtiles,./base_map/contour_25k.pmtiles,NO_QUERY_DESCRIPTOR_OR_READER,unknown_or_unavailable,NO_QUERY_DESCRIPTOR_OR_READER
contourDtm20,等高線 Contour DTM20 (20m),pmtiles,./base_map/contour_dtm20.pmtiles,NO_QUERY_DESCRIPTOR_OR_READER,unknown_or_unavailable,NO_QUERY_DESCRIPTOR_OR_READER
coralReefDistribution,珊瑚礁歷史分布 Historical Coral Reefs,custom,,NO_QUERY_DESCRIPTOR_OR_READER,unknown_or_unavailable,NO_QUERY_DESCRIPTOR_OR_READER
countyBoundary,縣市界 County,pmtiles,./base_map/county_boundary.pmtiles,NO_QUERY_DESCRIPTOR_OR_READER,unknown_or_unavailable,NO_QUERY_DESCRIPTOR_OR_READER
courtJurisdiction,法院管轄區 Jurisdiction,pmtiles,./police_justice/court_jurisdictions/court_jurisdictions.pmtiles,NO_QUERY_DESCRIPTOR_OR_READER,unknown_or_unavailable,NO_QUERY_DESCRIPTOR_OR_READER
crimeAreaMonthly,鄉鎮市區犯罪統計,pmtiles,./police_justice/crime_area_monthly/crime_area_monthly.pmtiles,NO_QUERY_DESCRIPTOR_OR_READER,unknown_or_unavailable,NO_QUERY_DESCRIPTOR_OR_READER
cwaCloudImagery,衛星雲圖 Cloud Imagery,custom,,NO_QUERY_DESCRIPTOR_OR_READER,unknown_or_unavailable,NO_QUERY_DESCRIPTOR_OR_READER
cwaRadarImagery,雷達回波 Radar Imagery,custom,,NO_QUERY_DESCRIPTOR_OR_READER,unknown_or_unavailable,NO_QUERY_DESCRIPTOR_OR_READER
droneNoFlyZone,無人機禁航區 🚫 Drone NFZ,custom,./coverage/drone_restricted_zones.pmtiles,NO_QUERY_DESCRIPTOR_OR_READER,unknown_or_unavailable,NO_QUERY_DESCRIPTOR_OR_READER
droneRestrictedZone,無人機限航區 ⚠️ Drone Restricted,custom,./coverage/drone_restricted_zones.pmtiles,NO_QUERY_DESCRIPTOR_OR_READER,unknown_or_unavailable,NO_QUERY_DESCRIPTOR_OR_READER
dustForecast,沙塵預報 Dust Forecast,custom,,NO_QUERY_DESCRIPTOR_OR_READER,unknown_or_unavailable,NO_QUERY_DESCRIPTOR_OR_READER
earthquakes,地震 Earthquake,custom,,NO_QUERY_DESCRIPTOR_OR_READER,unknown_or_unavailable,NO_QUERY_DESCRIPTOR_OR_READER
earthquakesGlobal,全球地震 USGS Earthquake,custom,,NO_QUERY_DESCRIPTOR_OR_READER,unknown_or_unavailable,NO_QUERY_DESCRIPTOR_OR_READER
ecoNetworkZones,國土綠網分區 Eco Network Zones,pmtiles,./agriculture/eco_network_zones.pmtiles,NO_QUERY_DESCRIPTOR_OR_READER,unknown_or_unavailable,NO_QUERY_DESCRIPTOR_OR_READER
eduCampusArea,校地面積 Campus Size,pmtiles,./education/campus_polygon.pmtiles,NO_QUERY_DESCRIPTOR_OR_READER,unknown_or_unavailable,NO_QUERY_DESCRIPTOR_OR_READER
eduCampusPolygon,校地範圍 Campus Area,pmtiles,./education/campus_polygon.pmtiles,NO_QUERY_DESCRIPTOR_OR_READER,unknown_or_unavailable,NO_QUERY_DESCRIPTOR_OR_READER
eduCramSchool,短期補習班 Cram School,pmtiles,./education/cram_schools.pmtiles,NO_QUERY_DESCRIPTOR_OR_READER,unknown_or_unavailable,NO_QUERY_DESCRIPTOR_OR_READER
eduDistrictElementary,國小學區 Elementary District,pmtiles,./education/school_district_k12.pmtiles,NO_QUERY_DESCRIPTOR_OR_READER,unknown_or_unavailable,NO_QUERY_DESCRIPTOR_OR_READER
eduDistrictJunior,國中學區 Junior High District,pmtiles,./education/school_district_k12.pmtiles,NO_QUERY_DESCRIPTOR_OR_READER,unknown_or_unavailable,NO_QUERY_DESCRIPTOR_OR_READER
erHospital,急診壅塞 ER,supabase,./geo/_empty.geojson,NO_QUERY_DESCRIPTOR_OR_READER,unknown_or_unavailable,NO_QUERY_DESCRIPTOR_OR_READER
evChargingStations,電動車充電站 EV Charging,supabase,./geo/_empty.geojson,NO_QUERY_DESCRIPTOR_OR_READER,unknown_or_unavailable,NO_QUERY_DESCRIPTOR_OR_READER
evIsland,充電站 最近距離 EV Island,pmtiles,./coverage/taiwan_ev_nearest.pmtiles,NO_QUERY_DESCRIPTOR_OR_READER,unknown_or_unavailable,NO_QUERY_DESCRIPTOR_OR_READER
facHistorical,發電廠 歷史・退役 Historical,supabase,./geo/_empty.geojson,NO_QUERY_DESCRIPTOR_OR_READER,unknown_or_unavailable,NO_QUERY_DESCRIPTOR_OR_READER
facOffshore,facOffshore,supabase,./geo/_empty.geojson,NO_QUERY_DESCRIPTOR_OR_READER,unknown_or_unavailable,NO_QUERY_DESCRIPTOR_OR_READER
facOsmSupplement,發電廠 OSM 補充 Supplement,supabase,./geo/_empty.geojson,NO_QUERY_DESCRIPTOR_OR_READER,unknown_or_unavailable,NO_QUERY_DESCRIPTOR_OR_READER
facPlanned,發電廠 未來規劃 Planned,supabase,./geo/_empty.geojson,NO_QUERY_DESCRIPTOR_OR_READER,unknown_or_unavailable,NO_QUERY_DESCRIPTOR_OR_READER
facPrimary,發電廠 主要・運轉中 Primary,supabase,./geo/_empty.geojson,NO_QUERY_DESCRIPTOR_OR_READER,unknown_or_unavailable,NO_QUERY_DESCRIPTOR_OR_READER
facSecondary,發電廠 小型分散 Secondary,supabase,./geo/_empty.geojson,NO_QUERY_DESCRIPTOR_OR_READER,unknown_or_unavailable,NO_QUERY_DESCRIPTOR_OR_READER
factoryDensityGrid,生產中工廠密度 Factory Density,pmtiles,./business_registry/factory_density_1500m_202606.pmtiles|./business_registry/factory_density_450m_202606.pmtiles,NO_QUERY_DESCRIPTOR_OR_READER,unknown_or_unavailable,NO_QUERY_DESCRIPTOR_OR_READER
factoryLocations,生產中工廠登記 Factory Locations,pmtiles,./business_registry/factory_locations_202606_allzoom.pmtiles,NO_QUERY_DESCRIPTOR_OR_READER,unknown_or_unavailable,NO_QUERY_DESCRIPTOR_OR_READER
farmRoads,農路 Farm Roads,pmtiles,./agriculture/farm_roads.pmtiles,NO_QUERY_DESCRIPTOR_OR_READER,unknown_or_unavailable,NO_QUERY_DESCRIPTOR_OR_READER
fireEvents,火災歷史 Fire History,custom,,NO_QUERY_DESCRIPTOR_OR_READER,unknown_or_unavailable,NO_QUERY_DESCRIPTOR_OR_READER
fireHydrants,消防栓 Hydrant,pmtiles,./geo/fire_hydrants.pmtiles,NO_QUERY_DESCRIPTOR_OR_READER,unknown_or_unavailable,NO_QUERY_DESCRIPTOR_OR_READER
fireIsochrone,救援等時圈 Isochrone,custom,,NO_QUERY_DESCRIPTOR_OR_READER,unknown_or_unavailable,NO_QUERY_DESCRIPTOR_OR_READER
fireLatest,火災最新年度 Latest,custom,,NO_QUERY_DESCRIPTOR_OR_READER,unknown_or_unavailable,NO_QUERY_DESCRIPTOR_OR_READER
flights,航班 Flight,custom,,NO_QUERY_DESCRIPTOR_OR_READER,unknown_or_unavailable,NO_QUERY_DESCRIPTOR_OR_READER
floodAlerts,水文防汛 Flood Alerts,custom,,NO_QUERY_DESCRIPTOR_OR_READER,unknown_or_unavailable,NO_QUERY_DESCRIPTOR_OR_READER
floodSensor,都市淹水感測 USWG,custom,,NO_QUERY_DESCRIPTOR_OR_READER,unknown_or_unavailable,NO_QUERY_DESCRIPTOR_OR_READER
floodSensorIsochrone,淹水 3 分步行圈 Isochrone (雙北),custom,./flood/uswg_isochrone_3min.pmtiles,NO_QUERY_DESCRIPTOR_OR_READER,unknown_or_unavailable,NO_QUERY_DESCRIPTOR_OR_READER
forestCompartments,林班 Compartments,pmtiles,./forestry/national_forest_compartments.pmtiles,NO_QUERY_DESCRIPTOR_OR_READER,unknown_or_unavailable,NO_QUERY_DESCRIPTOR_OR_READER
forestReserve,保安林 Reserve,pmtiles,https://data.itsmigu.com/forestry/releases/1f22e80b5e5e4dea9eef36f3e251d287f49d28966424d817729fbc2f251c77dc/forest_reserve.pmtiles,NO_QUERY_DESCRIPTOR_OR_READER,unknown_or_unavailable,NO_QUERY_DESCRIPTOR_OR_READER
forestRoads,林道 Forest Roads,pmtiles,./forestry/forest_roads.pmtiles,NO_QUERY_DESCRIPTOR_OR_READER,unknown_or_unavailable,NO_QUERY_DESCRIPTOR_OR_READER
fossilFuelInfra,石化能源設施 Fossil Fuel (legacy),supabase,./geo/_empty.geojson,NO_QUERY_DESCRIPTOR_OR_READER,unknown_or_unavailable,NO_QUERY_DESCRIPTOR_OR_READER
freewayCongestion,國道壅塞 Congestion,custom,,NO_QUERY_DESCRIPTOR_OR_READER,unknown_or_unavailable,NO_QUERY_DESCRIPTOR_OR_READER
funeralOperatorDensity,業者密度 Operator Density,custom,./base_map/township_boundary.pmtiles,NO_QUERY_DESCRIPTOR_OR_READER,unknown_or_unavailable,NO_QUERY_DESCRIPTOR_OR_READER
gasCoverageAll,加油站 最近距離 Coverage All,pmtiles,./coverage/taiwan_all_gas_nearest.pmtiles,NO_QUERY_DESCRIPTOR_OR_READER,unknown_or_unavailable,NO_QUERY_DESCRIPTOR_OR_READER
gasCoverageCpc,中油 最近距離 Coverage CPC,pmtiles,./coverage/taiwan_cpc_nearest.pmtiles,NO_QUERY_DESCRIPTOR_OR_READER,unknown_or_unavailable,NO_QUERY_DESCRIPTOR_OR_READER
gasCoverageFpcc,台塑 最近距離 Coverage FPCC,pmtiles,./coverage/taiwan_fpcc_nearest.pmtiles,NO_QUERY_DESCRIPTOR_OR_READER,unknown_or_unavailable,NO_QUERY_DESCRIPTOR_OR_READER
gasCoverageTaisugar,台糖 最近距離 Coverage Taisugar,pmtiles,./coverage/taiwan_taisugar_nearest.pmtiles,NO_QUERY_DESCRIPTOR_OR_READER,unknown_or_unavailable,NO_QUERY_DESCRIPTOR_OR_READER
gasStationCanonical,加油站 SSOT 合併 Canonical,supabase,./geo/_empty.geojson,NO_QUERY_DESCRIPTOR_OR_READER,unknown_or_unavailable,NO_QUERY_DESCRIPTOR_OR_READER
gasStationCpc,加油站 中油 CPC,supabase,./geo/_empty.geojson,NO_QUERY_DESCRIPTOR_OR_READER,unknown_or_unavailable,NO_QUERY_DESCRIPTOR_OR_READER
gasStationFpcc,加油站 台塑 FPCC,supabase,./geo/_empty.geojson,NO_QUERY_DESCRIPTOR_OR_READER,unknown_or_unavailable,NO_QUERY_DESCRIPTOR_OR_READER
gasStationOther,加油站 其他 / 私營 Other,supabase,./geo/_empty.geojson,NO_QUERY_DESCRIPTOR_OR_READER,unknown_or_unavailable,NO_QUERY_DESCRIPTOR_OR_READER
gasStationTaisugar,加油站 台糖 Taisugar,supabase,./geo/_empty.geojson,NO_QUERY_DESCRIPTOR_OR_READER,unknown_or_unavailable,NO_QUERY_DESCRIPTOR_OR_READER
geothermalWells,地熱井 Geothermal,supabase,./geo/_empty.geojson,NO_QUERY_DESCRIPTOR_OR_READER,unknown_or_unavailable,NO_QUERY_DESCRIPTOR_OR_READER
gfwDarkVessels,GFW SAR 未匹配 AIS Unmatched Detections,custom,,NO_QUERY_DESCRIPTOR_OR_READER,unknown_or_unavailable,NO_QUERY_DESCRIPTOR_OR_READER
gfwFishingEffort,GFW 每日捕撈活動 Fishing Effort,custom,,NO_QUERY_DESCRIPTOR_OR_READER,unknown_or_unavailable,NO_QUERY_DESCRIPTOR_OR_READER
gfwHourlyGrid,GFW 小時船舶網格 Hourly Grid,custom,./gfw_hourly_grid_poc/manifest.json,NO_QUERY_DESCRIPTOR_OR_READER,unknown_or_unavailable,NO_QUERY_DESCRIPTOR_OR_READER
gfwHourlyTracks,GFW 小時近似航跡 Hourly Tracks,custom,./gfw_hourly_tracks_poc/manifest.json,NO_QUERY_DESCRIPTOR_OR_READER,unknown_or_unavailable,NO_QUERY_DESCRIPTOR_OR_READER
gfwVesselPresence,GFW 舊版每日船舶 Historical Presence,custom,,NO_QUERY_DESCRIPTOR_OR_READER,unknown_or_unavailable,NO_QUERY_DESCRIPTOR_OR_READER
globalEvents,全球重大事件 Global Events,custom,,NO_QUERY_DESCRIPTOR_OR_READER,unknown_or_unavailable,NO_QUERY_DESCRIPTOR_OR_READER
groundwater,地下水井 Groundwater,custom,,NO_QUERY_DESCRIPTOR_OR_READER,unknown_or_unavailable,NO_QUERY_DESCRIPTOR_OR_READER
groundwaterWells,水井點位 Wells,custom,,NO_QUERY_DESCRIPTOR_OR_READER,unknown_or_unavailable,NO_QUERY_DESCRIPTOR_OR_READER
h3Population,人流模擬 Pop. Flow,custom,,NO_QUERY_DESCRIPTOR_OR_READER,unknown_or_unavailable,NO_QUERY_DESCRIPTOR_OR_READER
highways,國道 Highway,pmtiles,./geo/national_highway.pmtiles,NO_QUERY_DESCRIPTOR_OR_READER,unknown_or_unavailable,NO_QUERY_DESCRIPTOR_OR_READER
hikingTrails,全台步道 Hiking Trails,pmtiles,./forestry/hiking_trails.pmtiles,NO_QUERY_DESCRIPTOR_OR_READER,unknown_or_unavailable,NO_QUERY_DESCRIPTOR_OR_READER
hillshade,山體陰影 Hillshade,custom,./base_map/hillshade.png,NO_QUERY_DESCRIPTOR_OR_READER,unknown_or_unavailable,NO_QUERY_DESCRIPTOR_OR_READER
historicalFlightTrails,歷史航班軌跡 Taiwan,custom,./flight-trails/manifest.json,NO_QUERY_DESCRIPTOR_OR_READER,unknown_or_unavailable,NO_QUERY_DESCRIPTOR_OR_READER
indicators,人口指標 Indicators,custom,,NO_QUERY_DESCRIPTOR_OR_READER,unknown_or_unavailable,NO_QUERY_DESCRIPTOR_OR_READER
industrialParkBoundaries,產業園區邊界 Industrial Parks,pmtiles,./industrial_zone/industrial_park_boundaries_20260818.pmtiles,NO_QUERY_DESCRIPTOR_OR_READER,unknown_or_unavailable,NO_QUERY_DESCRIPTOR_OR_READER
industrialParkComparison,園區商工比較 Industrial Park Metrics,pmtiles,./business_registry/industrial_park_comparison_20260818.pmtiles,NO_QUERY_DESCRIPTOR_OR_READER,unknown_or_unavailable,NO_QUERY_DESCRIPTOR_OR_READER
industrialPowerPlant,火力廠 polygon Thermal Plant,supabase,./geo/_empty.geojson,NO_QUERY_DESCRIPTOR_OR_READER,unknown_or_unavailable,NO_QUERY_DESCRIPTOR_OR_READER
industrialRefinery,煉油 / 化工廠 Refinery,supabase,./geo/_empty.geojson,NO_QUERY_DESCRIPTOR_OR_READER,unknown_or_unavailable,NO_QUERY_DESCRIPTOR_OR_READER
industrialStorageTank,油氣儲槽 Storage Tank,supabase,./geo/_empty.geojson,NO_QUERY_DESCRIPTOR_OR_READER,unknown_or_unavailable,NO_QUERY_DESCRIPTOR_OR_READER
iotWraRiver,IoT 河川 IoT River,custom,,NO_QUERY_DESCRIPTOR_OR_READER,unknown_or_unavailable,NO_QUERY_DESCRIPTOR_OR_READER
iotWraStructure,IoT 水工結構 IoT Structure,custom,,NO_QUERY_DESCRIPTOR_OR_READER,unknown_or_unavailable,NO_QUERY_DESCRIPTOR_OR_READER
islandPowerGrid,islandPowerGrid,supabase,./geo/_empty.geojson,NO_QUERY_DESCRIPTOR_OR_READER,unknown_or_unavailable,NO_QUERY_DESCRIPTOR_OR_READER
isobath,海底等深線 Isobath,pmtiles,./base_map/gebco_isobath.pmtiles,NO_QUERY_DESCRIPTOR_OR_READER,unknown_or_unavailable,NO_QUERY_DESCRIPTOR_OR_READER
jpAccommodationCanonical,旅宿去重總覽 宿泊施設の統合一覧,custom,./world/jp_accommodation_canonical_allzoom_20260910.pmtiles,NO_QUERY_DESCRIPTOR_OR_READER,unknown_or_unavailable,NO_QUERY_DESCRIPTOR_OR_READER
jpAccommodationDensity,旅宿密度網格 宿泊施設密度グリッド,pmtiles,./world/jp_accommodation_density_450m_20260910.pmtiles|./world/jp_accommodation_density_1500m_20260910.pmtiles,NO_QUERY_DESCRIPTOR_OR_READER,unknown_or_unavailable,NO_QUERY_DESCRIPTOR_OR_READER
jpAccommodationJta,觀光廳登錄飯店／旅館 観光庁登録ホテル・旅館,custom,./world/jp_accommodation_jta_20260331.geojson,NO_QUERY_DESCRIPTOR_OR_READER,unknown_or_unavailable,NO_QUERY_DESCRIPTOR_OR_READER
jpAccommodationLocal,地方旅館業許可 地方自治体の旅館業許可,custom,./world/jp_accommodation_local_20260910.geojson,NO_QUERY_DESCRIPTOR_OR_READER,unknown_or_unavailable,NO_QUERY_DESCRIPTOR_OR_READER
jpAccommodationOsm,OpenStreetMap 住宿涵蓋 OpenStreetMap 宿泊施設カバレッジ,custom,./world/jp_accommodation_osm_allzoom_20260910.pmtiles,NO_QUERY_DESCRIPTOR_OR_READER,unknown_or_unavailable,NO_QUERY_DESCRIPTOR_OR_READER
jpAdminBoundaries,市區町村界 市区町村境,custom,./world/jp_admin_boundaries.pmtiles,NO_QUERY_DESCRIPTOR_OR_READER,unknown_or_unavailable,NO_QUERY_DESCRIPTOR_OR_READER
jpAdminPrefecture,都道府縣界 都道府県境,custom,./world/jp_admin_boundaries_prefecture.pmtiles,NO_QUERY_DESCRIPTOR_OR_READER,unknown_or_unavailable,NO_QUERY_DESCRIPTOR_OR_READER
jpAirports,機場 空港,custom,./world/jp_airports.geojson,NO_QUERY_DESCRIPTOR_OR_READER,unknown_or_unavailable,NO_QUERY_DESCRIPTOR_OR_READER
jpBuildingHeight,建物高度 PLATEAU,pmtiles,./jp-heights/building_grid.pmtiles|./jp-heights/buildings.pmtiles,NO_QUERY_DESCRIPTOR_OR_READER,unknown_or_unavailable,NO_QUERY_DESCRIPTOR_OR_READER
jpCanopyHeight,樹冠高度 CHMv2,pmtiles,./jp-heights/canopy.pmtiles,NO_QUERY_DESCRIPTOR_OR_READER,unknown_or_unavailable,NO_QUERY_DESCRIPTOR_OR_READER
jpCareCombined,複合服務 訪問・通い・宿泊の組合せ,custom,./jp-medical/current.json,NO_QUERY_DESCRIPTOR_OR_READER,unknown_or_unavailable,NO_QUERY_DESCRIPTOR_OR_READER
jpCareDayServices,日間服務 施設に通う,custom,./jp-medical/current.json,NO_QUERY_DESCRIPTOR_OR_READER,unknown_or_unavailable,NO_QUERY_DESCRIPTOR_OR_READER
jpCareEquipment,福祉用具 福祉用具,custom,./jp-medical/current.json,NO_QUERY_DESCRIPTOR_OR_READER,unknown_or_unavailable,NO_QUERY_DESCRIPTOR_OR_READER
jpCareHomeVisit,到宅服務 自宅に訪問,custom,./jp-medical/current.json,NO_QUERY_DESCRIPTOR_OR_READER,unknown_or_unavailable,NO_QUERY_DESCRIPTOR_OR_READER
jpCarePlanning,照護諮詢／計畫 介護の相談・ケアプラン,custom,./jp-medical/current.json,NO_QUERY_DESCRIPTOR_OR_READER,unknown_or_unavailable,NO_QUERY_DESCRIPTOR_OR_READER
jpCareResidential,住宿／短期入住 施設で生活・宿泊,custom,./jp-medical/current.json,NO_QUERY_DESCRIPTOR_OR_READER,unknown_or_unavailable,NO_QUERY_DESCRIPTOR_OR_READER
jpHistoricalFlightTrails,歷史航班軌跡 Japan,custom,./flight-trails/manifest.json,NO_QUERY_DESCRIPTOR_OR_READER,unknown_or_unavailable,NO_QUERY_DESCRIPTOR_OR_READER
jpMarineEbsaCoastal,沿岸生態重要海域 沿岸EBSA（2015）,custom,./world/jp_marine_ebsa_moe_coastal_20150101.pmtiles,NO_QUERY_DESCRIPTOR_OR_READER,unknown_or_unavailable,NO_QUERY_DESCRIPTOR_OR_READER
jpMedicalAreasPrimary,一次醫療圈 一次医療圏 · 2020,custom,./jp-medical/current.json,NO_QUERY_DESCRIPTOR_OR_READER,unknown_or_unavailable,NO_QUERY_DESCRIPTOR_OR_READER
jpMedicalAreasSecondary,二次醫療圈 二次医療圏 · 2020,custom,./jp-medical/current.json,NO_QUERY_DESCRIPTOR_OR_READER,unknown_or_unavailable,NO_QUERY_DESCRIPTOR_OR_READER
jpMedicalAreasTertiary,三次醫療圈 三次医療圏 · 2020,custom,./jp-medical/current.json,NO_QUERY_DESCRIPTOR_OR_READER,unknown_or_unavailable,NO_QUERY_DESCRIPTOR_OR_READER
jpMedicalClinics,診所 診療所,custom,./jp-medical/current.json,NO_QUERY_DESCRIPTOR_OR_READER,unknown_or_unavailable,NO_QUERY_DESCRIPTOR_OR_READER
jpMedicalDental,牙科 歯科,custom,./jp-medical/current.json,NO_QUERY_DESCRIPTOR_OR_READER,unknown_or_unavailable,NO_QUERY_DESCRIPTOR_OR_READER
jpMedicalHospitals,醫院 病院,custom,./jp-medical/current.json,NO_QUERY_DESCRIPTOR_OR_READER,unknown_or_unavailable,NO_QUERY_DESCRIPTOR_OR_READER
jpMedicalMaternity,助產所 助産所,custom,./jp-medical/current.json,NO_QUERY_DESCRIPTOR_OR_READER,unknown_or_unavailable,NO_QUERY_DESCRIPTOR_OR_READER
jpMedicalPharmacies,藥局 薬局,custom,./jp-medical/current.json,NO_QUERY_DESCRIPTOR_OR_READER,unknown_or_unavailable,NO_QUERY_DESCRIPTOR_OR_READER
jpNaturalParksNational,國立公園 国立公園（A10 2010）,custom,./world/jp_natural_parks_ksj_2010.pmtiles,NO_QUERY_DESCRIPTOR_OR_READER,unknown_or_unavailable,NO_QUERY_DESCRIPTOR_OR_READER
jpNaturalParksPrefectural,都道府縣立自然公園 都道府県立自然公園（A10 2010）,custom,./world/jp_natural_parks_ksj_2010.pmtiles,NO_QUERY_DESCRIPTOR_OR_READER,unknown_or_unavailable,NO_QUERY_DESCRIPTOR_OR_READER
jpNaturalParksQuasiNational,國定公園 国定公園（A10 2010）,custom,./world/jp_natural_parks_ksj_2010.pmtiles,NO_QUERY_DESCRIPTOR_OR_READER,unknown_or_unavailable,NO_QUERY_DESCRIPTOR_OR_READER
jpNatureConservationArea,自然保育地域 自然保全地域（A11 2015）,custom,./world/jp_nature_conservation_ksj_2015.pmtiles,NO_QUERY_DESCRIPTOR_OR_READER,unknown_or_unavailable,NO_QUERY_DESCRIPTOR_OR_READER
jpNatureConservationSpecialDistrict,自然保育特別地區 自然保全特別地区（A11 2015）,custom,./world/jp_nature_conservation_ksj_2015.pmtiles,NO_QUERY_DESCRIPTOR_OR_READER,unknown_or_unavailable,NO_QUERY_DESCRIPTOR_OR_READER
jpPoliceFacilities,警察設施 警察施設,custom,./world/jp_police_facilities.pmtiles,NO_QUERY_DESCRIPTOR_OR_READER,unknown_or_unavailable,NO_QUERY_DESCRIPTOR_OR_READER
jpPopulationMesh1km,人口網格 人口メッシュ,custom,./world/jp_population_mesh_1km.pmtiles,NO_QUERY_DESCRIPTOR_OR_READER,unknown_or_unavailable,NO_QUERY_DESCRIPTOR_OR_READER
jpPrimitiveNatureEnvironmentArea,原生自然環境地域 原生自然環境保全地域（A11 2015）,custom,./world/jp_nature_conservation_ksj_2015.pmtiles,NO_QUERY_DESCRIPTOR_OR_READER,unknown_or_unavailable,NO_QUERY_DESCRIPTOR_OR_READER
jpRailways,鐵道路線 鉄道路線,custom,./world/jp_railways.pmtiles,NO_QUERY_DESCRIPTOR_OR_READER,unknown_or_unavailable,NO_QUERY_DESCRIPTOR_OR_READER
jpRamsarSites,拉姆薩濕地名冊衍生點 ラムサール条約湿地名簿の派生点,custom,./world/jp_ramsar_moe_current.geojson,NO_QUERY_DESCRIPTOR_OR_READER,unknown_or_unavailable,NO_QUERY_DESCRIPTOR_OR_READER
jpReligionGsi,宗教設施 宗教施設（国土地理院）,custom,./world/jp_religion_gsi.pmtiles,NO_QUERY_DESCRIPTOR_OR_READER,unknown_or_unavailable,NO_QUERY_DESCRIPTOR_OR_READER
jpReligionOsm,宗教設施 宗教施設（OpenStreetMap）,custom,./world/jp_religion_osm.geojson,NO_QUERY_DESCRIPTOR_OR_READER,unknown_or_unavailable,NO_QUERY_DESCRIPTOR_OR_READER
jpReligionWikidata,宗教設施 宗教施設（Wikidata）,custom,./world/jp_religion_wikidata.geojson,NO_QUERY_DESCRIPTOR_OR_READER,unknown_or_unavailable,NO_QUERY_DESCRIPTOR_OR_READER
jpSchools,學校 学校,custom,./world/jp_schools.pmtiles,NO_QUERY_DESCRIPTOR_OR_READER,unknown_or_unavailable,NO_QUERY_DESCRIPTOR_OR_READER
jpStations,車站 駅,custom,./world/jp_stations.geojson,NO_QUERY_DESCRIPTOR_OR_READER,unknown_or_unavailable,NO_QUERY_DESCRIPTOR_OR_READER
jpWaterAgriculturalPonds,農業蓄水池（2026-03）,custom,PRIVATE_OWNER_ONLY: extra-water.pmtiles,NO_QUERY_DESCRIPTOR_OR_READER,unknown_or_unavailable,NO_QUERY_DESCRIPTOR_OR_READER
jpWaterDams,水壩 ダム（2014）,custom,PRIVATE_OWNER_ONLY: water.pmtiles,NO_QUERY_DESCRIPTOR_OR_READER,unknown_or_unavailable,NO_QUERY_DESCRIPTOR_OR_READER
jpWaterFloodHazard,洪水浸水想定（最大規模）,custom,,NO_QUERY_DESCRIPTOR_OR_READER,unknown_or_unavailable,NO_QUERY_DESCRIPTOR_OR_READER
jpWaterGroundwaterSites,地下水等觀測點（24縣）,custom,PRIVATE_OWNER_ONLY: extra-water.pmtiles,NO_QUERY_DESCRIPTOR_OR_READER,unknown_or_unavailable,NO_QUERY_DESCRIPTOR_OR_READER
jpWaterLakes,湖沼 湖沼（W09・2005）,custom,./world/jp_water/release.json,NO_QUERY_DESCRIPTOR_OR_READER,unknown_or_unavailable,NO_QUERY_DESCRIPTOR_OR_READER
jpWaterLevelStations,橫濱水位站 横浜市,custom,./world/jp_water/release.json,NO_QUERY_DESCRIPTOR_OR_READER,unknown_or_unavailable,NO_QUERY_DESCRIPTOR_OR_READER
jpWaterLocalFacilities,高松供排水相關設施 高松市,custom,./world/jp_water/release.json,NO_QUERY_DESCRIPTOR_OR_READER,unknown_or_unavailable,NO_QUERY_DESCRIPTOR_OR_READER
jpWaterNilimDams,NILIM 水壩位置（46縣）,custom,PRIVATE_OWNER_ONLY: extra-water.pmtiles,NO_QUERY_DESCRIPTOR_OR_READER,unknown_or_unavailable,NO_QUERY_DESCRIPTOR_OR_READER
jpWaterQualityStations,水質測定地点 水質測定地点（2024）,custom,./world/jp_water/release.json,NO_QUERY_DESCRIPTOR_OR_READER,unknown_or_unavailable,NO_QUERY_DESCRIPTOR_OR_READER
jpWaterRivers,河川流路 河川（2006–2009）,custom,PRIVATE_OWNER_ONLY: water.pmtiles,NO_QUERY_DESCRIPTOR_OR_READER,unknown_or_unavailable,NO_QUERY_DESCRIPTOR_OR_READER
jpWaterSewerFacilities,下水道設施（2012）,custom,PRIVATE_OWNER_ONLY: water.pmtiles,NO_QUERY_DESCRIPTOR_OR_READER,unknown_or_unavailable,NO_QUERY_DESCRIPTOR_OR_READER
jpWaterSupplyAreas,給水區域 給水区域（2010）,custom,PRIVATE_OWNER_ONLY: water.pmtiles,NO_QUERY_DESCRIPTOR_OR_READER,unknown_or_unavailable,NO_QUERY_DESCRIPTOR_OR_READER
jpWaterSupplyFacilities,上水道相關設施（2010）,custom,PRIVATE_OWNER_ONLY: water.pmtiles,NO_QUERY_DESCRIPTOR_OR_READER,unknown_or_unavailable,NO_QUERY_DESCRIPTOR_OR_READER
jpWildlifeProtectionNational,國家指定鳥獸保護區 国指定鳥獣保護区,custom,./world/jp_wildlife_protection_moe_202504.pmtiles,NO_QUERY_DESCRIPTOR_OR_READER,unknown_or_unavailable,NO_QUERY_DESCRIPTOR_OR_READER
jpWildlifeSpecialProtectionDesignatedArea,鳥獸特別保護指定區域 特別保護指定区域,custom,./world/jp_wildlife_protection_moe_202504.pmtiles,NO_QUERY_DESCRIPTOR_OR_READER,unknown_or_unavailable,NO_QUERY_DESCRIPTOR_OR_READER
jpWildlifeSpecialProtectionDistrict,鳥獸特別保護地區 鳥獣保護区特別保護地区,custom,./world/jp_wildlife_protection_moe_202504.pmtiles,NO_QUERY_DESCRIPTOR_OR_READER,unknown_or_unavailable,NO_QUERY_DESCRIPTOR_OR_READER
jpWorldHeritageCultural,UNESCO 文化遺產代表點 UNESCO 文化遺産代表点,custom,./world/jp_world_heritage_unesco_current.geojson,NO_QUERY_DESCRIPTOR_OR_READER,unknown_or_unavailable,NO_QUERY_DESCRIPTOR_OR_READER
jpWorldHeritageNatural,UNESCO 自然遺產代表點 UNESCO 自然遺産代表点,custom,./world/jp_world_heritage_unesco_current.geojson,NO_QUERY_DESCRIPTOR_OR_READER,unknown_or_unavailable,NO_QUERY_DESCRIPTOR_OR_READER
jpWorldNaturalHeritageHistorical,世界自然遺產歷史範圍 世界自然遺産の歴史的範囲（A28 2011）,custom,./world/jp_world_natural_heritage_ksj_2011.geojson,NO_QUERY_DESCRIPTOR_OR_READER,unknown_or_unavailable,NO_QUERY_DESCRIPTOR_OR_READER
lakesPondsOsm,湖泊 / 埤塘 Lakes & Ponds,pmtiles,./water_resources/lakes_ponds_osm.pmtiles,NO_QUERY_DESCRIPTOR_OR_READER,unknown_or_unavailable,NO_QUERY_DESCRIPTOR_OR_READER
librarySeats,圖書館即時座位 Library Seats,supabase,./geo/_empty.geojson,NO_QUERY_DESCRIPTOR_OR_READER,unknown_or_unavailable,NO_QUERY_DESCRIPTOR_OR_READER
lifelineAlerts,民生中斷 Lifeline,custom,,NO_QUERY_DESCRIPTOR_OR_READER,unknown_or_unavailable,NO_QUERY_DESCRIPTOR_OR_READER
lightning,落雷 Lightning 60min（台電）,supabase,./geo/_empty.geojson,NO_QUERY_DESCRIPTOR_OR_READER,unknown_or_unavailable,NO_QUERY_DESCRIPTOR_OR_READER
lightningCwa,落雷 Lightning 60min（氣象署）,supabase,./geo/_empty.geojson,NO_QUERY_DESCRIPTOR_OR_READER,unknown_or_unavailable,NO_QUERY_DESCRIPTOR_OR_READER
livestockFarmCattle,畜禽飼養場·牛 Cattle Farms,supabase,./agriculture/livestock_farms.geojson,NO_QUERY_DESCRIPTOR_OR_READER,unknown_or_unavailable,NO_QUERY_DESCRIPTOR_OR_READER
livestockFarmChicken,畜禽飼養場·雞 Chicken Farms,supabase,./agriculture/livestock_farms.geojson,NO_QUERY_DESCRIPTOR_OR_READER,unknown_or_unavailable,NO_QUERY_DESCRIPTOR_OR_READER
livestockFarmDuck,畜禽飼養場·鴨 Duck Farms,supabase,./agriculture/livestock_farms.geojson,NO_QUERY_DESCRIPTOR_OR_READER,unknown_or_unavailable,NO_QUERY_DESCRIPTOR_OR_READER
livestockFarmGoose,畜禽飼養場·鵝 Goose Farms,supabase,./agriculture/livestock_farms.geojson,NO_QUERY_DESCRIPTOR_OR_READER,unknown_or_unavailable,NO_QUERY_DESCRIPTOR_OR_READER
livestockFarmOther,畜禽飼養場·其他 Other Farms,supabase,./agriculture/livestock_farms.geojson,NO_QUERY_DESCRIPTOR_OR_READER,unknown_or_unavailable,NO_QUERY_DESCRIPTOR_OR_READER
livestockFarmPig,畜禽飼養場·豬 Pig Farms,supabase,./agriculture/livestock_farms.geojson,NO_QUERY_DESCRIPTOR_OR_READER,unknown_or_unavailable,NO_QUERY_DESCRIPTOR_OR_READER
livestockFarmSheep,畜禽飼養場·羊 Sheep/Goat Farms,supabase,./agriculture/livestock_farms.geojson,NO_QUERY_DESCRIPTOR_OR_READER,unknown_or_unavailable,NO_QUERY_DESCRIPTOR_OR_READER
livestockSlaughter,屠宰場 Slaughterhouses,supabase,./agriculture/slaughterhouses.geojson,NO_QUERY_DESCRIPTOR_OR_READER,unknown_or_unavailable,NO_QUERY_DESCRIPTOR_OR_READER
lngTerminal,LNG 接收站 Terminal,supabase,./geo/_empty.geojson,NO_QUERY_DESCRIPTOR_OR_READER,unknown_or_unavailable,NO_QUERY_DESCRIPTOR_OR_READER
lpgRetailers,LPG 加氣站 / 瓦斯行 Retailer,supabase,./geo/_empty.geojson,NO_QUERY_DESCRIPTOR_OR_READER,unknown_or_unavailable,NO_QUERY_DESCRIPTOR_OR_READER
lpgSubpackaging,LPG 分裝 / 儲存場 Subpackaging,supabase,./geo/_empty.geojson,NO_QUERY_DESCRIPTOR_OR_READER,unknown_or_unavailable,NO_QUERY_DESCRIPTOR_OR_READER
manufacturingCompanyDensityGrid,製造業公司登記密度 Manufacturing Registry Density,pmtiles,./business_registry/manufacturing_company_density_1500m_202608.pmtiles|./business_registry/manufacturing_company_density_450m_202608.pmtiles,NO_QUERY_DESCRIPTOR_OR_READER,unknown_or_unavailable,NO_QUERY_DESCRIPTOR_OR_READER
manufacturingCompanyPoints,製造業公司登記點位 Manufacturing Registry,pmtiles,./business_registry/manufacturing_company_points_202608_allzoom.pmtiles,NO_QUERY_DESCRIPTOR_OR_READER,unknown_or_unavailable,NO_QUERY_DESCRIPTOR_OR_READER
marineObservationCwa,CWA 海洋觀測站 CWA Marine,custom,,NO_QUERY_DESCRIPTOR_OR_READER,unknown_or_unavailable,NO_QUERY_DESCRIPTOR_OR_READER
marineObservationIsohe,ISOHE 港區海氣象 ISOHE Port,custom,,NO_QUERY_DESCRIPTOR_OR_READER,unknown_or_unavailable,NO_QUERY_DESCRIPTOR_OR_READER
maritimeBoundary,領海界線 Maritime Boundary,pmtiles,./base_map/maritime_boundary.pmtiles,NO_QUERY_DESCRIPTOR_OR_READER,unknown_or_unavailable,NO_QUERY_DESCRIPTOR_OR_READER
medAED,AED 點位 AED,pmtiles,./geo/medical_aed.pmtiles,NO_QUERY_DESCRIPTOR_OR_READER,unknown_or_unavailable,NO_QUERY_DESCRIPTOR_OR_READER
medClinic,診所 / 其他醫療 Clinic,pmtiles,./geo/medical_clinics.pmtiles,NO_QUERY_DESCRIPTOR_OR_READER,unknown_or_unavailable,NO_QUERY_DESCRIPTOR_OR_READER
medDesert,醫療沙漠 Desert,custom,./medical/medical_isochrone.pmtiles,NO_QUERY_DESCRIPTOR_OR_READER,unknown_or_unavailable,NO_QUERY_DESCRIPTOR_OR_READER
medICUBeds,medICUBeds,custom,,NO_QUERY_DESCRIPTOR_OR_READER,unknown_or_unavailable,NO_QUERY_DESCRIPTOR_OR_READER
medIsochrone,醫療等時圈 Isochrone,custom,./medical/medical_isochrone.pmtiles,NO_QUERY_DESCRIPTOR_OR_READER,unknown_or_unavailable,NO_QUERY_DESCRIPTOR_OR_READER
medLTC,長照機構 LTC,pmtiles,./geo/medical_ltc.pmtiles,NO_QUERY_DESCRIPTOR_OR_READER,unknown_or_unavailable,NO_QUERY_DESCRIPTOR_OR_READER
medPharmacy,藥局 Pharmacy,pmtiles,./geo/medical_pharmacies.pmtiles,NO_QUERY_DESCRIPTOR_OR_READER,unknown_or_unavailable,NO_QUERY_DESCRIPTOR_OR_READER
noiseCaptureGrid,NoiseCapture 公民格網,pmtiles,./environment/noise_capture_grid.pmtiles|./environment/noise_capture_grid.pmtiles|./environment/noise_capture_grid.pmtiles,NO_QUERY_DESCRIPTOR_OR_READER,unknown_or_unavailable,NO_QUERY_DESCRIPTOR_OR_READER
noiseControlZones,噪音管制區 Control Zones,pmtiles,./environment/noise_control_zones.pmtiles,NO_QUERY_DESCRIPTOR_OR_READER,unknown_or_unavailable,NO_QUERY_DESCRIPTOR_OR_READER
noiseEnforcementEvents,噪音裁處事件 Enforcement,pmtiles,./geo/pollution_penalties.pmtiles,NO_QUERY_DESCRIPTOR_OR_READER,unknown_or_unavailable,NO_QUERY_DESCRIPTOR_OR_READER
nonUrbanZoning,非都市土地使用分區 Non-Urban Zoning,pmtiles,./urban/non_urban_zoning.pmtiles,NO_QUERY_DESCRIPTOR_OR_READER,unknown_or_unavailable,NO_QUERY_DESCRIPTOR_OR_READER
nuclearRadiation,核安輻射 Radiation,supabase,./geo/_empty.geojson,NO_QUERY_DESCRIPTOR_OR_READER,unknown_or_unavailable,NO_QUERY_DESCRIPTOR_OR_READER
oceanCurrents,海流 Ocean Currents,custom,,NO_QUERY_DESCRIPTOR_OR_READER,unknown_or_unavailable,NO_QUERY_DESCRIPTOR_OR_READER
officialBridgesNewTaipei,新北市轄管橋梁,pmtiles,./network_structures/official_bridges_new_taipei_20260906.pmtiles,NO_QUERY_DESCRIPTOR_OR_READER,unknown_or_unavailable,NO_QUERY_DESCRIPTOR_OR_READER
offshoreWindZones,離岸風場 Offshore Wind,supabase,./geo/_empty.geojson,NO_QUERY_DESCRIPTOR_OR_READER,unknown_or_unavailable,NO_QUERY_DESCRIPTOR_OR_READER
ooklaFixedTaiwan,Ookla 台灣固定網路細格 Taiwan Fixed Fine Grid,pmtiles,./geo/ookla_tw_z14.pmtiles|./geo/ookla_tw_z16.pmtiles,NO_QUERY_DESCRIPTOR_OR_READER,unknown_or_unavailable,NO_QUERY_DESCRIPTOR_OR_READER
ooklaMobileTaiwan,Ookla 台灣行動細格 Taiwan Mobile Fine Grid,pmtiles,./geo/ookla_tw_z14.pmtiles|./geo/ookla_tw_z16.pmtiles,NO_QUERY_DESCRIPTOR_OR_READER,unknown_or_unavailable,NO_QUERY_DESCRIPTOR_OR_READER
osmBridgeCarriers,OSM 橋梁承載線,pmtiles,./network_structures/osm_bridge_carriers_20260906.pmtiles,NO_QUERY_DESCRIPTOR_OR_READER,unknown_or_unavailable,NO_QUERY_DESCRIPTOR_OR_READER
osmBridgeFootprints,OSM 橋梁輪廓,pmtiles,./network_structures/osm_bridge_footprints_20260906.pmtiles,NO_QUERY_DESCRIPTOR_OR_READER,unknown_or_unavailable,NO_QUERY_DESCRIPTOR_OR_READER
osmExpressway,快速道路 Expressway,pmtiles,./base_map/osm_expressway.pmtiles,NO_QUERY_DESCRIPTOR_OR_READER,unknown_or_unavailable,NO_QUERY_DESCRIPTOR_OR_READER
osmPowerLines,高壓輸電線 Power Lines,supabase,./geo/_empty.geojson,NO_QUERY_DESCRIPTOR_OR_READER,unknown_or_unavailable,NO_QUERY_DESCRIPTOR_OR_READER
osmPowerPlantsStatic,osmPowerPlantsStatic,supabase,./geo/_empty.geojson,NO_QUERY_DESCRIPTOR_OR_READER,unknown_or_unavailable,NO_QUERY_DESCRIPTOR_OR_READER
osmPowerTowers,高壓鐵塔 Power Towers,supabase,./geo/_empty.geojson,NO_QUERY_DESCRIPTOR_OR_READER,unknown_or_unavailable,NO_QUERY_DESCRIPTOR_OR_READER
osmRoadDrive,OSM 道路 OSM Roads,pmtiles,./base_map/osm_road_drive.pmtiles,NO_QUERY_DESCRIPTOR_OR_READER,unknown_or_unavailable,NO_QUERY_DESCRIPTOR_OR_READER
osmSolarFarms,osmSolarFarms,supabase,./geo/_empty.geojson,NO_QUERY_DESCRIPTOR_OR_READER,unknown_or_unavailable,NO_QUERY_DESCRIPTOR_OR_READER
osmSubstations,變電所 區域 Substation,supabase,./geo/_empty.geojson,NO_QUERY_DESCRIPTOR_OR_READER,unknown_or_unavailable,NO_QUERY_DESCRIPTOR_OR_READER
osmSubstationsEhv,變電所 超高壓 EHV,supabase,./geo/_empty.geojson,NO_QUERY_DESCRIPTOR_OR_READER,unknown_or_unavailable,NO_QUERY_DESCRIPTOR_OR_READER
osmWindTurbines,風機 Wind Turbines,supabase,./geo/_empty.geojson,NO_QUERY_DESCRIPTOR_OR_READER,unknown_or_unavailable,NO_QUERY_DESCRIPTOR_OR_READER
parkingOffstreet,場外停車場 Off-street,supabase,./geo/_empty.geojson,NO_QUERY_DESCRIPTOR_OR_READER,unknown_or_unavailable,NO_QUERY_DESCRIPTOR_OR_READER
parkingOnstreet,路邊停車 On-street,supabase,./geo/_empty.geojson,NO_QUERY_DESCRIPTOR_OR_READER,unknown_or_unavailable,NO_QUERY_DESCRIPTOR_OR_READER
pipelineGas,天然氣主幹線 Gas Pipeline,supabase,./geo/_empty.geojson,NO_QUERY_DESCRIPTOR_OR_READER,unknown_or_unavailable,NO_QUERY_DESCRIPTOR_OR_READER
pipelineOilGas,油氣管線 OSM Oil/Gas Pipeline,supabase,./geo/_empty.geojson,NO_QUERY_DESCRIPTOR_OR_READER,unknown_or_unavailable,NO_QUERY_DESCRIPTOR_OR_READER
plaActivity,共機活動區 PLA Activity,custom,,NO_QUERY_DESCRIPTOR_OR_READER,unknown_or_unavailable,NO_QUERY_DESCRIPTOR_OR_READER
policeIsoCityDept,縣市警局 30/60 min,pmtiles,./police_justice/isochrone/police_iso_police_dept_combined.pmtiles,NO_QUERY_DESCRIPTOR_OR_READER,unknown_or_unavailable,NO_QUERY_DESCRIPTOR_OR_READER
policeIsoPrecinct,分局 15/30 min,pmtiles,./police_justice/isochrone/police_iso_precinct_combined.pmtiles,NO_QUERY_DESCRIPTOR_OR_READER,unknown_or_unavailable,NO_QUERY_DESCRIPTOR_OR_READER
policeIsoSubstation,派出所 5/10 min,pmtiles,./police_justice/isochrone/police_iso_substation_combined.pmtiles,NO_QUERY_DESCRIPTOR_OR_READER,unknown_or_unavailable,NO_QUERY_DESCRIPTOR_OR_READER
pollutionFacility,污染潛勢設施 Facility,pmtiles,./geo/pollution_facilities.pmtiles,NO_QUERY_DESCRIPTOR_OR_READER,unknown_or_unavailable,NO_QUERY_DESCRIPTOR_OR_READER
pollutionPenaltyCritical,重大裁處 Critical Penalty,pmtiles,./geo/pollution_penalties.pmtiles,NO_QUERY_DESCRIPTOR_OR_READER,unknown_or_unavailable,NO_QUERY_DESCRIPTOR_OR_READER
pollutionPenaltyGeneral,一般裁處 General Penalty,pmtiles,./geo/pollution_penalties.pmtiles,NO_QUERY_DESCRIPTOR_OR_READER,unknown_or_unavailable,NO_QUERY_DESCRIPTOR_OR_READER
pollutionPenaltyMobile,移動污染 Mobile Penalty,pmtiles,./geo/pollution_penalties.pmtiles,NO_QUERY_DESCRIPTOR_OR_READER,unknown_or_unavailable,NO_QUERY_DESCRIPTOR_OR_READER
pollutionSite,污染場址 Site,pmtiles,./geo/pollution_sites.pmtiles,NO_QUERY_DESCRIPTOR_OR_READER,unknown_or_unavailable,NO_QUERY_DESCRIPTOR_OR_READER
popCount,人口數 Population,custom,,NO_QUERY_DESCRIPTOR_OR_READER,unknown_or_unavailable,NO_QUERY_DESCRIPTOR_OR_READER
ports,港口 Port,geojson,./geo/port_polygons.geojson|./geo/port_polygons.geojson,NO_QUERY_DESCRIPTOR_OR_READER,unknown_or_unavailable,NO_QUERY_DESCRIPTOR_OR_READER
powerGenerationUnit,機組即時出力 Live Output,supabase,./geo/_empty.geojson,NO_QUERY_DESCRIPTOR_OR_READER,unknown_or_unavailable,NO_QUERY_DESCRIPTOR_OR_READER
powerLinesGlow,高壓輸電線 Bloom 測試 ⚡✨,custom,,NO_QUERY_DESCRIPTOR_OR_READER,unknown_or_unavailable,NO_QUERY_DESCRIPTOR_OR_READER
powerPlantGlow,發電廠 Bloom 測試 ✨,custom,,NO_QUERY_DESCRIPTOR_OR_READER,unknown_or_unavailable,NO_QUERY_DESCRIPTOR_OR_READER
powerPlants,powerPlants,supabase,./geo/_empty.geojson,NO_QUERY_DESCRIPTOR_OR_READER,unknown_or_unavailable,NO_QUERY_DESCRIPTOR_OR_READER
powerPoles,電桿 Power Poles (2.96M),custom,./coverage/power_poles.pmtiles,NO_QUERY_DESCRIPTOR_OR_READER,unknown_or_unavailable,NO_QUERY_DESCRIPTOR_OR_READER
powerRegionDemand,powerRegionDemand,custom,,NO_QUERY_DESCRIPTOR_OR_READER,unknown_or_unavailable,NO_QUERY_DESCRIPTOR_OR_READER
powerStatusHud,powerStatusHud,custom,,NO_QUERY_DESCRIPTOR_OR_READER,unknown_or_unavailable,NO_QUERY_DESCRIPTOR_OR_READER
precipRaster,累積雨量柵格 Precip Raster,custom,,NO_QUERY_DESCRIPTOR_OR_READER,unknown_or_unavailable,NO_QUERY_DESCRIPTOR_OR_READER
propertyValueAdmin,不動產總市值行政區 Property Value,custom,./urban/property_value_admin.json|./base_map/county_boundary.pmtiles|./base_map/township_boundary.pmtiles,NO_QUERY_DESCRIPTOR_OR_READER,unknown_or_unavailable,NO_QUERY_DESCRIPTOR_OR_READER
propertyValueGrid,不動產總市值網格 Value Grid,pmtiles,./urban/property_value_grid_150m.pmtiles|./urban/property_value_grid_450m.pmtiles|./urban/property_value_grid_1500m.pmtiles,NO_QUERY_DESCRIPTOR_OR_READER,unknown_or_unavailable,NO_QUERY_DESCRIPTOR_OR_READER
provincialRoads,省道 Provincial Road,pmtiles,./geo/provincial_road.pmtiles,NO_QUERY_DESCRIPTOR_OR_READER,unknown_or_unavailable,NO_QUERY_DESCRIPTOR_OR_READER
rail,鐵道 Rail,custom,,NO_QUERY_DESCRIPTOR_OR_READER,unknown_or_unavailable,NO_QUERY_DESCRIPTOR_OR_READER
rainGauge,即時雨量 Rain Gauge,custom,,NO_QUERY_DESCRIPTOR_OR_READER,unknown_or_unavailable,NO_QUERY_DESCRIPTOR_OR_READER
realEstatePresaleGrid,預售熱力圖 Presale Grid,pmtiles,./coverage/real_estate_grid.pmtiles,NO_QUERY_DESCRIPTOR_OR_READER,unknown_or_unavailable,NO_QUERY_DESCRIPTOR_OR_READER
realEstatePresalePoint,預售交易點 Presale Point,custom,./coverage/real_estate_points_buffer.bin,NO_QUERY_DESCRIPTOR_OR_READER,unknown_or_unavailable,NO_QUERY_DESCRIPTOR_OR_READER
realEstateRentalGrid,租賃熱力圖 Rental Grid,pmtiles,./coverage/real_estate_grid.pmtiles,NO_QUERY_DESCRIPTOR_OR_READER,unknown_or_unavailable,NO_QUERY_DESCRIPTOR_OR_READER
realEstateRentalPoint,租賃交易點 Rental Point,custom,./coverage/real_estate_points_buffer.bin,NO_QUERY_DESCRIPTOR_OR_READER,unknown_or_unavailable,NO_QUERY_DESCRIPTOR_OR_READER
realEstateSaleGrid,買賣熱力圖 Sale Grid,pmtiles,./coverage/real_estate_grid.pmtiles,NO_QUERY_DESCRIPTOR_OR_READER,unknown_or_unavailable,NO_QUERY_DESCRIPTOR_OR_READER
realEstateSalePoint,買賣交易點 Sale Point,custom,./coverage/real_estate_points_buffer.bin,NO_QUERY_DESCRIPTOR_OR_READER,unknown_or_unavailable,NO_QUERY_DESCRIPTOR_OR_READER
regulatedFacilities,列管設施 Regulated Facilities,pmtiles,./business_registry/regulated_facilities_20260818_allzoom.pmtiles,NO_QUERY_DESCRIPTOR_OR_READER,unknown_or_unavailable,NO_QUERY_DESCRIPTOR_OR_READER
regulatedFacilityDensityGrid,列管設施密度 Regulated Facility Density,pmtiles,./business_registry/regulated_facility_density_1500m_20260818.pmtiles|./business_registry/regulated_facility_density_450m_20260818.pmtiles,NO_QUERY_DESCRIPTOR_OR_READER,unknown_or_unavailable,NO_QUERY_DESCRIPTOR_OR_READER
religionTemples,寺廟 Temples,pmtiles,./religion/temples.pmtiles,NO_QUERY_DESCRIPTOR_OR_READER,unknown_or_unavailable,NO_QUERY_DESCRIPTOR_OR_READER
renewablePermitsTaipei,北市再生能源許可 Renewable Permits,supabase,./geo/_empty.geojson,NO_QUERY_DESCRIPTOR_OR_READER,unknown_or_unavailable,NO_QUERY_DESCRIPTOR_OR_READER
riverLevel,河川水位 River Level,custom,,NO_QUERY_DESCRIPTOR_OR_READER,unknown_or_unavailable,NO_QUERY_DESCRIPTOR_OR_READER
roadCongestion,省道路況 Provincial v1,custom,./road/road_congestion_highway.pmtiles,NO_QUERY_DESCRIPTOR_OR_READER,unknown_or_unavailable,NO_QUERY_DESCRIPTOR_OR_READER
roadEvents,即時路況 Road Events,custom,,NO_QUERY_DESCRIPTOR_OR_READER,unknown_or_unavailable,NO_QUERY_DESCRIPTOR_OR_READER
safetyAlerts,安全環境 Safety Alerts,custom,,NO_QUERY_DESCRIPTOR_OR_READER,unknown_or_unavailable,NO_QUERY_DESCRIPTOR_OR_READER
satellitesBeidou,北斗 BD-3 PNT,custom,,NO_QUERY_DESCRIPTOR_OR_READER,unknown_or_unavailable,NO_QUERY_DESCRIPTOR_OR_READER
satellitesFrance,🇫🇷 France · CSO / PLEIADES / ELISA,custom,,NO_QUERY_DESCRIPTOR_OR_READER,unknown_or_unavailable,NO_QUERY_DESCRIPTOR_OR_READER
satellitesGaofen,Gaofen 高分,custom,,NO_QUERY_DESCRIPTOR_OR_READER,unknown_or_unavailable,NO_QUERY_DESCRIPTOR_OR_READER
satellitesGermany,🇩🇪 Germany · SAR-Lupe / SARah,custom,,NO_QUERY_DESCRIPTOR_OR_READER,unknown_or_unavailable,NO_QUERY_DESCRIPTOR_OR_READER
satellitesIndia,🇮🇳 India · CARTOSAT / RISAT / EOS,custom,,NO_QUERY_DESCRIPTOR_OR_READER,unknown_or_unavailable,NO_QUERY_DESCRIPTOR_OR_READER
satellitesIsrael,🇮🇱 Israel · Ofeq / EROS,custom,,NO_QUERY_DESCRIPTOR_OR_READER,unknown_or_unavailable,NO_QUERY_DESCRIPTOR_OR_READER
satellitesItaly,🇮🇹 Italy · COSMO-SkyMed,custom,,NO_QUERY_DESCRIPTOR_OR_READER,unknown_or_unavailable,NO_QUERY_DESCRIPTOR_OR_READER
satellitesJapan,🇯🇵 Japan · IGS / ALOS,custom,,NO_QUERY_DESCRIPTOR_OR_READER,unknown_or_unavailable,NO_QUERY_DESCRIPTOR_OR_READER
satellitesJilin,Jilin 吉林,custom,,NO_QUERY_DESCRIPTOR_OR_READER,unknown_or_unavailable,NO_QUERY_DESCRIPTOR_OR_READER
satellitesKorea,🇰🇷 Korea · KOMPSAT,custom,,NO_QUERY_DESCRIPTOR_OR_READER,unknown_or_unavailable,NO_QUERY_DESCRIPTOR_OR_READER
satellitesRussia,🇷🇺 Russia · PERSONA / RESURS / COSMOS,custom,,NO_QUERY_DESCRIPTOR_OR_READER,unknown_or_unavailable,NO_QUERY_DESCRIPTOR_OR_READER
satellitesShiyan,Shiyan / Shijian 試驗,custom,,NO_QUERY_DESCRIPTOR_OR_READER,unknown_or_unavailable,NO_QUERY_DESCRIPTOR_OR_READER
satellitesTaiwan,台灣 FORMOSAT / TRITON / IRIS-C,custom,,NO_QUERY_DESCRIPTOR_OR_READER,unknown_or_unavailable,NO_QUERY_DESCRIPTOR_OR_READER
satellitesTJS,TJS / TJSW GEO 情報,custom,,NO_QUERY_DESCRIPTOR_OR_READER,unknown_or_unavailable,NO_QUERY_DESCRIPTOR_OR_READER
satellitesUSA,🇺🇸 USA · KH / BlackSky / Planet,custom,,NO_QUERY_DESCRIPTOR_OR_READER,unknown_or_unavailable,NO_QUERY_DESCRIPTOR_OR_READER
satellitesYaogan,Yaogan 遙感,custom,,NO_QUERY_DESCRIPTOR_OR_READER,unknown_or_unavailable,NO_QUERY_DESCRIPTOR_OR_READER
ships,船舶 Ship,custom,,NO_QUERY_DESCRIPTOR_OR_READER,unknown_or_unavailable,NO_QUERY_DESCRIPTOR_OR_READER
slopeVector,坡度分級 Slope 6級,custom,./base_map/slope_vector.pmtiles,NO_QUERY_DESCRIPTOR_OR_READER,unknown_or_unavailable,NO_QUERY_DESCRIPTOR_OR_READER
socioeconomic,社經面貌 Socio-Econ,custom,,NO_QUERY_DESCRIPTOR_OR_READER,unknown_or_unavailable,NO_QUERY_DESCRIPTOR_OR_READER
spatialEconomy,空間經濟 Spatial-Econ,custom,,NO_QUERY_DESCRIPTOR_OR_READER,unknown_or_unavailable,NO_QUERY_DESCRIPTOR_OR_READER
stationsTHSR,高鐵站 THSR Station,geojson,./geo/station_polygons.geojson|./geo/station_polygons.geojson,NO_QUERY_DESCRIPTOR_OR_READER,unknown_or_unavailable,NO_QUERY_DESCRIPTOR_OR_READER
stationsTRA,台鐵站 TRA Station,geojson,./geo/station_polygons.geojson|./geo/station_polygons.geojson|./geo/station_points.geojson,NO_QUERY_DESCRIPTOR_OR_READER,unknown_or_unavailable,NO_QUERY_DESCRIPTOR_OR_READER
statsA1AccidentCount,A1 交通事故件數,custom,,NO_QUERY_DESCRIPTOR_OR_READER,unknown_or_unavailable,NO_QUERY_DESCRIPTOR_OR_READER
statsA1DeathCount,A1 交通事故死亡人數,custom,,NO_QUERY_DESCRIPTOR_OR_READER,unknown_or_unavailable,NO_QUERY_DESCRIPTOR_OR_READER
statsA1InjuryCount,A1 交通事故受傷人數,custom,,NO_QUERY_DESCRIPTOR_OR_READER,unknown_or_unavailable,NO_QUERY_DESCRIPTOR_OR_READER
statsAgriculturalFacilityAreaTownship,農業生產設施用地面積,custom,,NO_QUERY_DESCRIPTOR_OR_READER,unknown_or_unavailable,NO_QUERY_DESCRIPTOR_OR_READER
statsAirportCargoTonnes,機場所在地貨運量,custom,,NO_QUERY_DESCRIPTOR_OR_READER,unknown_or_unavailable,NO_QUERY_DESCRIPTOR_OR_READER
statsAirportLandAreaTownship,機場用地面積,custom,,NO_QUERY_DESCRIPTOR_OR_READER,unknown_or_unavailable,NO_QUERY_DESCRIPTOR_OR_READER
statsAirportPassengerMovements,機場所在地旅客人次,custom,,NO_QUERY_DESCRIPTOR_OR_READER,unknown_or_unavailable,NO_QUERY_DESCRIPTOR_OR_READER
statsAirportTakeoffsLandings,機場所在地起降架次,custom,,NO_QUERY_DESCRIPTOR_OR_READER,unknown_or_unavailable,NO_QUERY_DESCRIPTOR_OR_READER
statsAquacultureAreaCounty,水產養殖面積,custom,,NO_QUERY_DESCRIPTOR_OR_READER,unknown_or_unavailable,NO_QUERY_DESCRIPTOR_OR_READER
statsAquacultureLandAreaTownship,水產養殖用地面積,custom,,NO_QUERY_DESCRIPTOR_OR_READER,unknown_or_unavailable,NO_QUERY_DESCRIPTOR_OR_READER
statsAutomobileLicenseHoldersCount,汽車駕照持有人數,custom,,NO_QUERY_DESCRIPTOR_OR_READER,unknown_or_unavailable,NO_QUERY_DESCRIPTOR_OR_READER
statsAutomobileRegisteredCount,汽車登記數,custom,,NO_QUERY_DESCRIPTOR_OR_READER,unknown_or_unavailable,NO_QUERY_DESCRIPTOR_OR_READER
statsBambooForestAreaTownship,竹林用地面積,custom,,NO_QUERY_DESCRIPTOR_OR_READER,unknown_or_unavailable,NO_QUERY_DESCRIPTOR_OR_READER
statsBirthsTownship,每月出生數（歷史快照）,custom,,NO_QUERY_DESCRIPTOR_OR_READER,unknown_or_unavailable,NO_QUERY_DESCRIPTOR_OR_READER
statsBroadleafForestAreaTownship,闊葉林用地面積,custom,,NO_QUERY_DESCRIPTOR_OR_READER,unknown_or_unavailable,NO_QUERY_DESCRIPTOR_OR_READER
statsBusElectricVehicleCount,期末電動車輛,custom,,NO_QUERY_DESCRIPTOR_OR_READER,unknown_or_unavailable,NO_QUERY_DESCRIPTOR_OR_READER
statsCivilAeronauticsSubsidyCounty,民航局獎補助費（受補助對象所在地）,custom,,NO_QUERY_DESCRIPTOR_OR_READER,unknown_or_unavailable,NO_QUERY_DESCRIPTOR_OR_READER
statsComparisonA1A2AccidentCount,A1＋A2 事故件數,custom,,NO_QUERY_DESCRIPTOR_OR_READER,unknown_or_unavailable,NO_QUERY_DESCRIPTOR_OR_READER
statsComparisonA1A2AccidentCountPer10000Residents,A1＋A2 事故件數－每萬名居民,custom,,NO_QUERY_DESCRIPTOR_OR_READER,unknown_or_unavailable,NO_QUERY_DESCRIPTOR_OR_READER
statsComparisonA1A2AccidentCountPerKm2,A1＋A2 事故件數－每平方公里,custom,,NO_QUERY_DESCRIPTOR_OR_READER,unknown_or_unavailable,NO_QUERY_DESCRIPTOR_OR_READER
statsComparisonA1AccidentCountPer10000Residents,A1交通事故件數－每萬名居民,custom,,NO_QUERY_DESCRIPTOR_OR_READER,unknown_or_unavailable,NO_QUERY_DESCRIPTOR_OR_READER
statsComparisonA1AccidentCountPerKm2,A1交通事故件數－每平方公里,custom,,NO_QUERY_DESCRIPTOR_OR_READER,unknown_or_unavailable,NO_QUERY_DESCRIPTOR_OR_READER
statsComparisonA1DeathCountPer10000Residents,A1交通事故死亡人數－每萬名居民,custom,,NO_QUERY_DESCRIPTOR_OR_READER,unknown_or_unavailable,NO_QUERY_DESCRIPTOR_OR_READER
statsComparisonA1DeathCountPerKm2,A1交通事故死亡人數－每平方公里,custom,,NO_QUERY_DESCRIPTOR_OR_READER,unknown_or_unavailable,NO_QUERY_DESCRIPTOR_OR_READER
statsComparisonA1InjuryCountPer10000Residents,A1交通事故受傷人數－每萬名居民,custom,,NO_QUERY_DESCRIPTOR_OR_READER,unknown_or_unavailable,NO_QUERY_DESCRIPTOR_OR_READER
statsComparisonA1InjuryCountPerKm2,A1交通事故受傷人數－每平方公里,custom,,NO_QUERY_DESCRIPTOR_OR_READER,unknown_or_unavailable,NO_QUERY_DESCRIPTOR_OR_READER
statsComparisonA2AccidentCount,A2 事故件數,custom,,NO_QUERY_DESCRIPTOR_OR_READER,unknown_or_unavailable,NO_QUERY_DESCRIPTOR_OR_READER
statsComparisonA2AccidentCountPer10000Residents,A2 事故件數－每萬名居民,custom,,NO_QUERY_DESCRIPTOR_OR_READER,unknown_or_unavailable,NO_QUERY_DESCRIPTOR_OR_READER
statsComparisonA2AccidentCountPerKm2,A2 事故件數－每平方公里,custom,,NO_QUERY_DESCRIPTOR_OR_READER,unknown_or_unavailable,NO_QUERY_DESCRIPTOR_OR_READER
statsComparisonA2InjuryCount,A2 事故受傷人數,custom,,NO_QUERY_DESCRIPTOR_OR_READER,unknown_or_unavailable,NO_QUERY_DESCRIPTOR_OR_READER
statsComparisonA2InjuryCountPer10000Residents,A2 事故受傷人數－每萬名居民,custom,,NO_QUERY_DESCRIPTOR_OR_READER,unknown_or_unavailable,NO_QUERY_DESCRIPTOR_OR_READER
statsComparisonA2InjuryCountPerKm2,A2 事故受傷人數－每平方公里,custom,,NO_QUERY_DESCRIPTOR_OR_READER,unknown_or_unavailable,NO_QUERY_DESCRIPTOR_OR_READER
statsComparisonAcuteBedTotalPer10000PopulationTownship,急性病床（每萬人口）,custom,,NO_QUERY_DESCRIPTOR_OR_READER,unknown_or_unavailable,NO_QUERY_DESCRIPTOR_OR_READER
statsComparisonAcuteBedTotalPerKm2Township,急性病床（每平方公里）,custom,,NO_QUERY_DESCRIPTOR_OR_READER,unknown_or_unavailable,NO_QUERY_DESCRIPTOR_OR_READER
statsComparisonAgriculturalFacilityCountyAreaSharePct,農業生產設施用地面積－占縣市行政面積,custom,,NO_QUERY_DESCRIPTOR_OR_READER,unknown_or_unavailable,NO_QUERY_DESCRIPTOR_OR_READER
statsComparisonAgriculturalFacilityCountyLq,農業生產設施用地面積－縣市相對集中度 LQ,custom,,NO_QUERY_DESCRIPTOR_OR_READER,unknown_or_unavailable,NO_QUERY_DESCRIPTOR_OR_READER
statsComparisonAgriculturalFacilityCountyNationalSharePct,農業生產設施用地面積－縣市占全臺同類比,custom,,NO_QUERY_DESCRIPTOR_OR_READER,unknown_or_unavailable,NO_QUERY_DESCRIPTOR_OR_READER
statsComparisonAgriculturalFacilityCountyTotalHectare,農業生產設施用地面積－縣市面積,custom,,NO_QUERY_DESCRIPTOR_OR_READER,unknown_or_unavailable,NO_QUERY_DESCRIPTOR_OR_READER
statsComparisonAgriculturalFacilityNationalSharePct,農業生產設施用地面積－鄉鎮占全臺同類比,custom,,NO_QUERY_DESCRIPTOR_OR_READER,unknown_or_unavailable,NO_QUERY_DESCRIPTOR_OR_READER
statsComparisonAgriculturalFacilityTownshipAdminAreaSharePct,農業生產設施用地面積－占鄉鎮行政面積,custom,,NO_QUERY_DESCRIPTOR_OR_READER,unknown_or_unavailable,NO_QUERY_DESCRIPTOR_OR_READER
statsComparisonAgriculturalFacilityTownshipOfCountySharePct,農業生產設施用地面積－鄉鎮占所屬縣市同類比,custom,,NO_QUERY_DESCRIPTOR_OR_READER,unknown_or_unavailable,NO_QUERY_DESCRIPTOR_OR_READER
statsComparisonAirportLandCountyAreaSharePct,機場用地面積－占縣市行政面積,custom,,NO_QUERY_DESCRIPTOR_OR_READER,unknown_or_unavailable,NO_QUERY_DESCRIPTOR_OR_READER
statsComparisonAirportLandCountyLq,機場用地面積－縣市相對集中度 LQ,custom,,NO_QUERY_DESCRIPTOR_OR_READER,unknown_or_unavailable,NO_QUERY_DESCRIPTOR_OR_READER
statsComparisonAirportLandCountyNationalSharePct,機場用地面積－縣市占全臺同類比,custom,,NO_QUERY_DESCRIPTOR_OR_READER,unknown_or_unavailable,NO_QUERY_DESCRIPTOR_OR_READER
statsComparisonAirportLandCountyTotalHectare,機場用地面積－縣市面積,custom,,NO_QUERY_DESCRIPTOR_OR_READER,unknown_or_unavailable,NO_QUERY_DESCRIPTOR_OR_READER
statsComparisonAirportLandNationalSharePct,機場用地面積－鄉鎮占全臺同類比,custom,,NO_QUERY_DESCRIPTOR_OR_READER,unknown_or_unavailable,NO_QUERY_DESCRIPTOR_OR_READER
statsComparisonAirportLandTownshipAdminAreaSharePct,機場用地面積－占鄉鎮行政面積,custom,,NO_QUERY_DESCRIPTOR_OR_READER,unknown_or_unavailable,NO_QUERY_DESCRIPTOR_OR_READER
statsComparisonAirportLandTownshipOfCountySharePct,機場用地面積－鄉鎮占所屬縣市同類比,custom,,NO_QUERY_DESCRIPTOR_OR_READER,unknown_or_unavailable,NO_QUERY_DESCRIPTOR_OR_READER
statsComparisonAquacultureLandCountyAreaSharePct,水產養殖用地面積－占縣市行政面積,custom,,NO_QUERY_DESCRIPTOR_OR_READER,unknown_or_unavailable,NO_QUERY_DESCRIPTOR_OR_READER
statsComparisonAquacultureLandCountyLq,水產養殖用地面積－縣市相對集中度 LQ,custom,,NO_QUERY_DESCRIPTOR_OR_READER,unknown_or_unavailable,NO_QUERY_DESCRIPTOR_OR_READER
statsComparisonAquacultureLandCountyNationalSharePct,水產養殖用地面積－縣市占全臺同類比,custom,,NO_QUERY_DESCRIPTOR_OR_READER,unknown_or_unavailable,NO_QUERY_DESCRIPTOR_OR_READER
statsComparisonAquacultureLandCountyTotalHectare,水產養殖用地面積－縣市面積,custom,,NO_QUERY_DESCRIPTOR_OR_READER,unknown_or_unavailable,NO_QUERY_DESCRIPTOR_OR_READER
statsComparisonAquacultureLandNationalSharePct,水產養殖用地面積－鄉鎮占全臺同類比,custom,,NO_QUERY_DESCRIPTOR_OR_READER,unknown_or_unavailable,NO_QUERY_DESCRIPTOR_OR_READER
statsComparisonAquacultureLandTownshipAdminAreaSharePct,水產養殖用地面積－占鄉鎮行政面積,custom,,NO_QUERY_DESCRIPTOR_OR_READER,unknown_or_unavailable,NO_QUERY_DESCRIPTOR_OR_READER
statsComparisonAquacultureLandTownshipOfCountySharePct,水產養殖用地面積－鄉鎮占所屬縣市同類比,custom,,NO_QUERY_DESCRIPTOR_OR_READER,unknown_or_unavailable,NO_QUERY_DESCRIPTOR_OR_READER
statsComparisonAutomobileLicenseHoldersCountPer10000Residents,領有汽車駕照人數－每萬名居民,custom,,NO_QUERY_DESCRIPTOR_OR_READER,unknown_or_unavailable,NO_QUERY_DESCRIPTOR_OR_READER
statsComparisonAutomobileRegisteredCountPer10000Residents,汽車登記數－每萬名居民,custom,,NO_QUERY_DESCRIPTOR_OR_READER,unknown_or_unavailable,NO_QUERY_DESCRIPTOR_OR_READER
statsComparisonBambooForestCountyAreaSharePct,竹林用地面積－占縣市行政面積,custom,,NO_QUERY_DESCRIPTOR_OR_READER,unknown_or_unavailable,NO_QUERY_DESCRIPTOR_OR_READER
statsComparisonBambooForestCountyLq,竹林用地面積－縣市相對集中度 LQ,custom,,NO_QUERY_DESCRIPTOR_OR_READER,unknown_or_unavailable,NO_QUERY_DESCRIPTOR_OR_READER
statsComparisonBambooForestCountyNationalSharePct,竹林用地面積－縣市占全臺同類比,custom,,NO_QUERY_DESCRIPTOR_OR_READER,unknown_or_unavailable,NO_QUERY_DESCRIPTOR_OR_READER
statsComparisonBambooForestCountyTotalHectare,竹林用地面積－縣市面積,custom,,NO_QUERY_DESCRIPTOR_OR_READER,unknown_or_unavailable,NO_QUERY_DESCRIPTOR_OR_READER
statsComparisonBambooForestNationalSharePct,竹林用地面積－鄉鎮占全臺同類比,custom,,NO_QUERY_DESCRIPTOR_OR_READER,unknown_or_unavailable,NO_QUERY_DESCRIPTOR_OR_READER
statsComparisonBambooForestTownshipAdminAreaSharePct,竹林用地面積－占鄉鎮行政面積,custom,,NO_QUERY_DESCRIPTOR_OR_READER,unknown_or_unavailable,NO_QUERY_DESCRIPTOR_OR_READER
statsComparisonBambooForestTownshipOfCountySharePct,竹林用地面積－鄉鎮占所屬縣市同類比,custom,,NO_QUERY_DESCRIPTOR_OR_READER,unknown_or_unavailable,NO_QUERY_DESCRIPTOR_OR_READER
statsComparisonBroadleafForestCountyAreaSharePct,闊葉林用地面積－占縣市行政面積,custom,,NO_QUERY_DESCRIPTOR_OR_READER,unknown_or_unavailable,NO_QUERY_DESCRIPTOR_OR_READER
statsComparisonBroadleafForestCountyLq,闊葉林用地面積－縣市相對集中度 LQ,custom,,NO_QUERY_DESCRIPTOR_OR_READER,unknown_or_unavailable,NO_QUERY_DESCRIPTOR_OR_READER
statsComparisonBroadleafForestCountyNationalSharePct,闊葉林用地面積－縣市占全臺同類比,custom,,NO_QUERY_DESCRIPTOR_OR_READER,unknown_or_unavailable,NO_QUERY_DESCRIPTOR_OR_READER
statsComparisonBroadleafForestCountyTotalHectare,闊葉林用地面積－縣市面積,custom,,NO_QUERY_DESCRIPTOR_OR_READER,unknown_or_unavailable,NO_QUERY_DESCRIPTOR_OR_READER
statsComparisonBroadleafForestNationalSharePct,闊葉林用地面積－鄉鎮占全臺同類比,custom,,NO_QUERY_DESCRIPTOR_OR_READER,unknown_or_unavailable,NO_QUERY_DESCRIPTOR_OR_READER
statsComparisonBroadleafForestTownshipAdminAreaSharePct,闊葉林用地面積－占鄉鎮行政面積,custom,,NO_QUERY_DESCRIPTOR_OR_READER,unknown_or_unavailable,NO_QUERY_DESCRIPTOR_OR_READER
statsComparisonBroadleafForestTownshipOfCountySharePct,闊葉林用地面積－鄉鎮占所屬縣市同類比,custom,,NO_QUERY_DESCRIPTOR_OR_READER,unknown_or_unavailable,NO_QUERY_DESCRIPTOR_OR_READER
statsComparisonBusAccessibleSharePct,無障礙公車占營業車比,custom,,NO_QUERY_DESCRIPTOR_OR_READER,unknown_or_unavailable,NO_QUERY_DESCRIPTOR_OR_READER
statsComparisonBusAccessibleVehicleCountPer10000Residents,期末無障礙車輛－每萬名居民,custom,,NO_QUERY_DESCRIPTOR_OR_READER,unknown_or_unavailable,NO_QUERY_DESCRIPTOR_OR_READER
statsComparisonBusAccessibleVehicleCountPerKm2,期末無障礙車輛－每平方公里,custom,,NO_QUERY_DESCRIPTOR_OR_READER,unknown_or_unavailable,NO_QUERY_DESCRIPTOR_OR_READER
statsComparisonBusApprovedRouteCountPer10000Residents,核定路線數－每萬名居民,custom,,NO_QUERY_DESCRIPTOR_OR_READER,unknown_or_unavailable,NO_QUERY_DESCRIPTOR_OR_READER
statsComparisonBusApprovedRouteCountPerKm2,核定路線數－每平方公里,custom,,NO_QUERY_DESCRIPTOR_OR_READER,unknown_or_unavailable,NO_QUERY_DESCRIPTOR_OR_READER
statsComparisonBusElectricSharePct,電動公車占營業車比,custom,,NO_QUERY_DESCRIPTOR_OR_READER,unknown_or_unavailable,NO_QUERY_DESCRIPTOR_OR_READER
statsComparisonBusElectricVehicleCountPer10000Residents,期末電動車輛－每萬名居民,custom,,NO_QUERY_DESCRIPTOR_OR_READER,unknown_or_unavailable,NO_QUERY_DESCRIPTOR_OR_READER
statsComparisonBusElectricVehicleCountPerKm2,期末電動車輛－每平方公里,custom,,NO_QUERY_DESCRIPTOR_OR_READER,unknown_or_unavailable,NO_QUERY_DESCRIPTOR_OR_READER
statsComparisonBusOperatingRouteLengthKmPer10000Residents,期末營業里程－每萬名居民,custom,,NO_QUERY_DESCRIPTOR_OR_READER,unknown_or_unavailable,NO_QUERY_DESCRIPTOR_OR_READER
statsComparisonBusOperatingRouteLengthKmPerKm2,期末營業里程－每平方公里,custom,,NO_QUERY_DESCRIPTOR_OR_READER,unknown_or_unavailable,NO_QUERY_DESCRIPTOR_OR_READER
statsComparisonBusOperatingTripCountPer10000Residents,營業行車次數－每萬名居民,custom,,NO_QUERY_DESCRIPTOR_OR_READER,unknown_or_unavailable,NO_QUERY_DESCRIPTOR_OR_READER
statsComparisonBusOperatingTripCountPerKm2,營業行車次數－每平方公里,custom,,NO_QUERY_DESCRIPTOR_OR_READER,unknown_or_unavailable,NO_QUERY_DESCRIPTOR_OR_READER
statsComparisonBusOperatingVehicleCountPer10000Residents,期末營業車輛－每萬名居民,custom,,NO_QUERY_DESCRIPTOR_OR_READER,unknown_or_unavailable,NO_QUERY_DESCRIPTOR_OR_READER
statsComparisonBusOperatingVehicleCountPerKm2,期末營業車輛－每平方公里,custom,,NO_QUERY_DESCRIPTOR_OR_READER,unknown_or_unavailable,NO_QUERY_DESCRIPTOR_OR_READER
statsComparisonBusOperatingVehicleKmPer10000Residents,營業行車里程－每萬名居民,custom,,NO_QUERY_DESCRIPTOR_OR_READER,unknown_or_unavailable,NO_QUERY_DESCRIPTOR_OR_READER
statsComparisonBusOperatingVehicleKmPerKm2,營業行車里程－每平方公里,custom,,NO_QUERY_DESCRIPTOR_OR_READER,unknown_or_unavailable,NO_QUERY_DESCRIPTOR_OR_READER
statsComparisonCareWorkerRegistrationCountPer65plus1000County,照顧服務員登錄數（人口比較）,custom,,NO_QUERY_DESCRIPTOR_OR_READER,unknown_or_unavailable,NO_QUERY_DESCRIPTOR_OR_READER
statsComparisonConiferForestCountyAreaSharePct,針葉林用地面積－占縣市行政面積,custom,,NO_QUERY_DESCRIPTOR_OR_READER,unknown_or_unavailable,NO_QUERY_DESCRIPTOR_OR_READER
statsComparisonConiferForestCountyLq,針葉林用地面積－縣市相對集中度 LQ,custom,,NO_QUERY_DESCRIPTOR_OR_READER,unknown_or_unavailable,NO_QUERY_DESCRIPTOR_OR_READER
statsComparisonConiferForestCountyNationalSharePct,針葉林用地面積－縣市占全臺同類比,custom,,NO_QUERY_DESCRIPTOR_OR_READER,unknown_or_unavailable,NO_QUERY_DESCRIPTOR_OR_READER
statsComparisonConiferForestCountyTotalHectare,針葉林用地面積－縣市面積,custom,,NO_QUERY_DESCRIPTOR_OR_READER,unknown_or_unavailable,NO_QUERY_DESCRIPTOR_OR_READER
statsComparisonConiferForestNationalSharePct,針葉林用地面積－鄉鎮占全臺同類比,custom,,NO_QUERY_DESCRIPTOR_OR_READER,unknown_or_unavailable,NO_QUERY_DESCRIPTOR_OR_READER
statsComparisonConiferForestTownshipAdminAreaSharePct,針葉林用地面積－占鄉鎮行政面積,custom,,NO_QUERY_DESCRIPTOR_OR_READER,unknown_or_unavailable,NO_QUERY_DESCRIPTOR_OR_READER
statsComparisonConiferForestTownshipOfCountySharePct,針葉林用地面積－鄉鎮占所屬縣市同類比,custom,,NO_QUERY_DESCRIPTOR_OR_READER,unknown_or_unavailable,NO_QUERY_DESCRIPTOR_OR_READER
statsComparisonDryFieldCountyAreaSharePct,旱田用地面積－占縣市行政面積,custom,,NO_QUERY_DESCRIPTOR_OR_READER,unknown_or_unavailable,NO_QUERY_DESCRIPTOR_OR_READER
statsComparisonDryFieldCountyLq,旱田用地面積－縣市相對集中度 LQ,custom,,NO_QUERY_DESCRIPTOR_OR_READER,unknown_or_unavailable,NO_QUERY_DESCRIPTOR_OR_READER
statsComparisonDryFieldCountyNationalSharePct,旱田用地面積－縣市占全臺同類比,custom,,NO_QUERY_DESCRIPTOR_OR_READER,unknown_or_unavailable,NO_QUERY_DESCRIPTOR_OR_READER
statsComparisonDryFieldCountyTotalHectare,旱田用地面積－縣市面積,custom,,NO_QUERY_DESCRIPTOR_OR_READER,unknown_or_unavailable,NO_QUERY_DESCRIPTOR_OR_READER
statsComparisonDryFieldNationalSharePct,旱田用地面積－鄉鎮占全臺同類比,custom,,NO_QUERY_DESCRIPTOR_OR_READER,unknown_or_unavailable,NO_QUERY_DESCRIPTOR_OR_READER
statsComparisonDryFieldTownshipAdminAreaSharePct,旱田用地面積－占鄉鎮行政面積,custom,,NO_QUERY_DESCRIPTOR_OR_READER,unknown_or_unavailable,NO_QUERY_DESCRIPTOR_OR_READER
statsComparisonDryFieldTownshipOfCountySharePct,旱田用地面積－鄉鎮占所屬縣市同類比,custom,,NO_QUERY_DESCRIPTOR_OR_READER,unknown_or_unavailable,NO_QUERY_DESCRIPTOR_OR_READER
statsComparisonEducationClassCountPer10000Residents,班級數（每萬名居民）,custom,,NO_QUERY_DESCRIPTOR_OR_READER,unknown_or_unavailable,NO_QUERY_DESCRIPTOR_OR_READER
statsComparisonEducationClassCountPerKm2,班級數（每平方公里）,custom,,NO_QUERY_DESCRIPTOR_OR_READER,unknown_or_unavailable,NO_QUERY_DESCRIPTOR_OR_READER
statsComparisonEducationInstitutionCountPer10000Residents,機構或學校數（每萬名居民）,custom,,NO_QUERY_DESCRIPTOR_OR_READER,unknown_or_unavailable,NO_QUERY_DESCRIPTOR_OR_READER
statsComparisonEducationInstitutionCountPerKm2,機構或學校數（每平方公里）,custom,,NO_QUERY_DESCRIPTOR_OR_READER,unknown_or_unavailable,NO_QUERY_DESCRIPTOR_OR_READER
statsComparisonEducationStaffCountPer10000Residents,職員數（每萬名居民）,custom,,NO_QUERY_DESCRIPTOR_OR_READER,unknown_or_unavailable,NO_QUERY_DESCRIPTOR_OR_READER
statsComparisonEducationStaffCountPerKm2,職員數（每平方公里）,custom,,NO_QUERY_DESCRIPTOR_OR_READER,unknown_or_unavailable,NO_QUERY_DESCRIPTOR_OR_READER
statsComparisonEducationStudentCountPer10000Residents,學生或幼生數（每萬名居民）,custom,,NO_QUERY_DESCRIPTOR_OR_READER,unknown_or_unavailable,NO_QUERY_DESCRIPTOR_OR_READER
statsComparisonEducationStudentCountPerKm2,學生或幼生數（每平方公里）,custom,,NO_QUERY_DESCRIPTOR_OR_READER,unknown_or_unavailable,NO_QUERY_DESCRIPTOR_OR_READER
statsComparisonEducationTeacherCountPer10000Residents,教師數（每萬名居民）,custom,,NO_QUERY_DESCRIPTOR_OR_READER,unknown_or_unavailable,NO_QUERY_DESCRIPTOR_OR_READER
statsComparisonEducationTeacherCountPerKm2,教師數（每平方公里）,custom,,NO_QUERY_DESCRIPTOR_OR_READER,unknown_or_unavailable,NO_QUERY_DESCRIPTOR_OR_READER
statsComparisonFisheryProductionTonnesNationalSharePctCounty,漁業生產量－縣市占全臺比,custom,,NO_QUERY_DESCRIPTOR_OR_READER,unknown_or_unavailable,NO_QUERY_DESCRIPTOR_OR_READER
statsComparisonFisheryValueThousandNationalSharePctCounty,漁業生產值－縣市占全臺比,custom,,NO_QUERY_DESCRIPTOR_OR_READER,unknown_or_unavailable,NO_QUERY_DESCRIPTOR_OR_READER
statsComparisonGeneralNursingHomeOpenBedsPer65plus1000County,一般護理之家開放床數（人口比較）,custom,,NO_QUERY_DESCRIPTOR_OR_READER,unknown_or_unavailable,NO_QUERY_DESCRIPTOR_OR_READER
statsComparisonHealthProfessionalTotalPer10000PopulationTownship,醫院醫事人員總計（每萬人口）,custom,,NO_QUERY_DESCRIPTOR_OR_READER,unknown_or_unavailable,NO_QUERY_DESCRIPTOR_OR_READER
statsComparisonHealthProfessionalTotalPerKm2Township,醫院醫事人員總計（每平方公里）,custom,,NO_QUERY_DESCRIPTOR_OR_READER,unknown_or_unavailable,NO_QUERY_DESCRIPTOR_OR_READER
statsComparisonHospiceBedTotalPer10000PopulationTownship,安寧病床（每萬人口）,custom,,NO_QUERY_DESCRIPTOR_OR_READER,unknown_or_unavailable,NO_QUERY_DESCRIPTOR_OR_READER
statsComparisonHospiceBedTotalPerKm2Township,安寧病床（每平方公里）,custom,,NO_QUERY_DESCRIPTOR_OR_READER,unknown_or_unavailable,NO_QUERY_DESCRIPTOR_OR_READER
statsComparisonHospitalBedTotalPer10000PopulationTownship,醫院病床總數（每萬人口）,custom,,NO_QUERY_DESCRIPTOR_OR_READER,unknown_or_unavailable,NO_QUERY_DESCRIPTOR_OR_READER
statsComparisonHospitalBedTotalPerKm2Township,醫院病床總數（每平方公里）,custom,,NO_QUERY_DESCRIPTOR_OR_READER,unknown_or_unavailable,NO_QUERY_DESCRIPTOR_OR_READER
statsComparisonHospitalCountPer10000PopulationTownship,醫院家數（每萬人口）,custom,,NO_QUERY_DESCRIPTOR_OR_READER,unknown_or_unavailable,NO_QUERY_DESCRIPTOR_OR_READER
statsComparisonHospitalCountPerKm2Township,醫院家數（每平方公里）,custom,,NO_QUERY_DESCRIPTOR_OR_READER,unknown_or_unavailable,NO_QUERY_DESCRIPTOR_OR_READER
statsComparisonHousingMixedShareOfResidentialOrMixedPctCounty,有人居住住宅中的混合用途占比,custom,,NO_QUERY_DESCRIPTOR_OR_READER,unknown_or_unavailable,NO_QUERY_DESCRIPTOR_OR_READER
statsComparisonHousingOccasionalSharePctCounty,偶爾自住住宅占總住宅比,custom,,NO_QUERY_DESCRIPTOR_OR_READER,unknown_or_unavailable,NO_QUERY_DESCRIPTOR_OR_READER
statsComparisonHousingOccasionalSharePctTownship,偶爾自住住宅占總住宅比,custom,,NO_QUERY_DESCRIPTOR_OR_READER,unknown_or_unavailable,NO_QUERY_DESCRIPTOR_OR_READER
statsComparisonHousingOtherUseSharePctCounty,其他使用住宅占總住宅比,custom,,NO_QUERY_DESCRIPTOR_OR_READER,unknown_or_unavailable,NO_QUERY_DESCRIPTOR_OR_READER
statsComparisonHousingOtherUseSharePctTownship,其他使用住宅占總住宅比,custom,,NO_QUERY_DESCRIPTOR_OR_READER,unknown_or_unavailable,NO_QUERY_DESCRIPTOR_OR_READER
statsComparisonHousingUnoccupiedSharePctCounty,無人經常居住住宅占總住宅比,custom,,NO_QUERY_DESCRIPTOR_OR_READER,unknown_or_unavailable,NO_QUERY_DESCRIPTOR_OR_READER
statsComparisonHousingUnoccupiedSharePctTownship,無人經常居住住宅占總住宅比,custom,,NO_QUERY_DESCRIPTOR_OR_READER,unknown_or_unavailable,NO_QUERY_DESCRIPTOR_OR_READER
statsComparisonIcuBedTotalPer10000PopulationTownship,加護病床（每萬人口）,custom,,NO_QUERY_DESCRIPTOR_OR_READER,unknown_or_unavailable,NO_QUERY_DESCRIPTOR_OR_READER
statsComparisonIcuBedTotalPerKm2Township,加護病床（每平方公里）,custom,,NO_QUERY_DESCRIPTOR_OR_READER,unknown_or_unavailable,NO_QUERY_DESCRIPTOR_OR_READER
statsComparisonLivestockBuildingCountyAreaSharePct,畜禽舍用地面積－占縣市行政面積,custom,,NO_QUERY_DESCRIPTOR_OR_READER,unknown_or_unavailable,NO_QUERY_DESCRIPTOR_OR_READER
statsComparisonLivestockBuildingCountyLq,畜禽舍用地面積－縣市相對集中度 LQ,custom,,NO_QUERY_DESCRIPTOR_OR_READER,unknown_or_unavailable,NO_QUERY_DESCRIPTOR_OR_READER
statsComparisonLivestockBuildingCountyNationalSharePct,畜禽舍用地面積－縣市占全臺同類比,custom,,NO_QUERY_DESCRIPTOR_OR_READER,unknown_or_unavailable,NO_QUERY_DESCRIPTOR_OR_READER
statsComparisonLivestockBuildingCountyTotalHectare,畜禽舍用地面積－縣市面積,custom,,NO_QUERY_DESCRIPTOR_OR_READER,unknown_or_unavailable,NO_QUERY_DESCRIPTOR_OR_READER
statsComparisonLivestockBuildingNationalSharePct,畜禽舍用地面積－鄉鎮占全臺同類比,custom,,NO_QUERY_DESCRIPTOR_OR_READER,unknown_or_unavailable,NO_QUERY_DESCRIPTOR_OR_READER
statsComparisonLivestockBuildingTownshipAdminAreaSharePct,畜禽舍用地面積－占鄉鎮行政面積,custom,,NO_QUERY_DESCRIPTOR_OR_READER,unknown_or_unavailable,NO_QUERY_DESCRIPTOR_OR_READER
statsComparisonLivestockBuildingTownshipOfCountySharePct,畜禽舍用地面積－鄉鎮占所屬縣市同類比,custom,,NO_QUERY_DESCRIPTOR_OR_READER,unknown_or_unavailable,NO_QUERY_DESCRIPTOR_OR_READER
statsComparisonLivestockHeadsPerFarmTownship,畜禽每場在養數量,custom,,NO_QUERY_DESCRIPTOR_OR_READER,unknown_or_unavailable,NO_QUERY_DESCRIPTOR_OR_READER
statsComparisonMixedForestCountyAreaSharePct,混合林用地面積－占縣市行政面積,custom,,NO_QUERY_DESCRIPTOR_OR_READER,unknown_or_unavailable,NO_QUERY_DESCRIPTOR_OR_READER
statsComparisonMixedForestCountyLq,混合林用地面積－縣市相對集中度 LQ,custom,,NO_QUERY_DESCRIPTOR_OR_READER,unknown_or_unavailable,NO_QUERY_DESCRIPTOR_OR_READER
statsComparisonMixedForestCountyNationalSharePct,混合林用地面積－縣市占全臺同類比,custom,,NO_QUERY_DESCRIPTOR_OR_READER,unknown_or_unavailable,NO_QUERY_DESCRIPTOR_OR_READER
statsComparisonMixedForestCountyTotalHectare,混合林用地面積－縣市面積,custom,,NO_QUERY_DESCRIPTOR_OR_READER,unknown_or_unavailable,NO_QUERY_DESCRIPTOR_OR_READER
statsComparisonMixedForestNationalSharePct,混合林用地面積－鄉鎮占全臺同類比,custom,,NO_QUERY_DESCRIPTOR_OR_READER,unknown_or_unavailable,NO_QUERY_DESCRIPTOR_OR_READER
statsComparisonMixedForestTownshipAdminAreaSharePct,混合林用地面積－占鄉鎮行政面積,custom,,NO_QUERY_DESCRIPTOR_OR_READER,unknown_or_unavailable,NO_QUERY_DESCRIPTOR_OR_READER
statsComparisonMixedForestTownshipOfCountySharePct,混合林用地面積－鄉鎮占所屬縣市同類比,custom,,NO_QUERY_DESCRIPTOR_OR_READER,unknown_or_unavailable,NO_QUERY_DESCRIPTOR_OR_READER
statsComparisonMotorcycleLicenseHoldersCountPer10000Residents,領有機車駕照人數－每萬名居民,custom,,NO_QUERY_DESCRIPTOR_OR_READER,unknown_or_unavailable,NO_QUERY_DESCRIPTOR_OR_READER
statsComparisonMotorcycleRegisteredCountPer10000Residents,機車登記數－每萬名居民,custom,,NO_QUERY_DESCRIPTOR_OR_READER,unknown_or_unavailable,NO_QUERY_DESCRIPTOR_OR_READER
statsComparisonOffstreetSmallCarParkingSpacesCountPer10000Residents,小型汽車路外停車位－每萬名居民,custom,,NO_QUERY_DESCRIPTOR_OR_READER,unknown_or_unavailable,NO_QUERY_DESCRIPTOR_OR_READER
statsComparisonOnstreetSmallCarParkingSpacesCountPer10000Residents,小型汽車路邊停車位－每萬名居民,custom,,NO_QUERY_DESCRIPTOR_OR_READER,unknown_or_unavailable,NO_QUERY_DESCRIPTOR_OR_READER
statsComparisonOrchardCountyAreaSharePct,果園用地面積－占縣市行政面積,custom,,NO_QUERY_DESCRIPTOR_OR_READER,unknown_or_unavailable,NO_QUERY_DESCRIPTOR_OR_READER
statsComparisonOrchardCountyLq,果園用地面積－縣市相對集中度 LQ,custom,,NO_QUERY_DESCRIPTOR_OR_READER,unknown_or_unavailable,NO_QUERY_DESCRIPTOR_OR_READER
statsComparisonOrchardCountyNationalSharePct,果園用地面積－縣市占全臺同類比,custom,,NO_QUERY_DESCRIPTOR_OR_READER,unknown_or_unavailable,NO_QUERY_DESCRIPTOR_OR_READER
statsComparisonOrchardCountyTotalHectare,果園用地面積－縣市面積,custom,,NO_QUERY_DESCRIPTOR_OR_READER,unknown_or_unavailable,NO_QUERY_DESCRIPTOR_OR_READER
statsComparisonOrchardNationalSharePct,果園用地面積－鄉鎮占全臺同類比,custom,,NO_QUERY_DESCRIPTOR_OR_READER,unknown_or_unavailable,NO_QUERY_DESCRIPTOR_OR_READER
statsComparisonOrchardTownshipAdminAreaSharePct,果園用地面積－占鄉鎮行政面積,custom,,NO_QUERY_DESCRIPTOR_OR_READER,unknown_or_unavailable,NO_QUERY_DESCRIPTOR_OR_READER
statsComparisonOrchardTownshipOfCountySharePct,果園用地面積－鄉鎮占所屬縣市同類比,custom,,NO_QUERY_DESCRIPTOR_OR_READER,unknown_or_unavailable,NO_QUERY_DESCRIPTOR_OR_READER
statsComparisonPaddyLandCountyAreaSharePct,水田用地面積－占縣市行政面積,custom,,NO_QUERY_DESCRIPTOR_OR_READER,unknown_or_unavailable,NO_QUERY_DESCRIPTOR_OR_READER
statsComparisonPaddyLandCountyLq,水田用地面積－縣市相對集中度 LQ,custom,,NO_QUERY_DESCRIPTOR_OR_READER,unknown_or_unavailable,NO_QUERY_DESCRIPTOR_OR_READER
statsComparisonPaddyLandCountyNationalSharePct,水田用地面積－縣市占全臺同類比,custom,,NO_QUERY_DESCRIPTOR_OR_READER,unknown_or_unavailable,NO_QUERY_DESCRIPTOR_OR_READER
statsComparisonPaddyLandCountyTotalHectare,水田用地面積－縣市面積,custom,,NO_QUERY_DESCRIPTOR_OR_READER,unknown_or_unavailable,NO_QUERY_DESCRIPTOR_OR_READER
statsComparisonPaddyLandNationalSharePct,水田用地面積－鄉鎮占全臺同類比,custom,,NO_QUERY_DESCRIPTOR_OR_READER,unknown_or_unavailable,NO_QUERY_DESCRIPTOR_OR_READER
statsComparisonPaddyLandTownshipAdminAreaSharePct,水田用地面積－占鄉鎮行政面積,custom,,NO_QUERY_DESCRIPTOR_OR_READER,unknown_or_unavailable,NO_QUERY_DESCRIPTOR_OR_READER
statsComparisonPaddyLandTownshipOfCountySharePct,水田用地面積－鄉鎮占所屬縣市同類比,custom,,NO_QUERY_DESCRIPTOR_OR_READER,unknown_or_unavailable,NO_QUERY_DESCRIPTOR_OR_READER
statsComparisonPastureCountyAreaSharePct,牧場用地面積－占縣市行政面積,custom,,NO_QUERY_DESCRIPTOR_OR_READER,unknown_or_unavailable,NO_QUERY_DESCRIPTOR_OR_READER
statsComparisonPastureCountyLq,牧場用地面積－縣市相對集中度 LQ,custom,,NO_QUERY_DESCRIPTOR_OR_READER,unknown_or_unavailable,NO_QUERY_DESCRIPTOR_OR_READER
statsComparisonPastureCountyNationalSharePct,牧場用地面積－縣市占全臺同類比,custom,,NO_QUERY_DESCRIPTOR_OR_READER,unknown_or_unavailable,NO_QUERY_DESCRIPTOR_OR_READER
statsComparisonPastureCountyTotalHectare,牧場用地面積－縣市面積,custom,,NO_QUERY_DESCRIPTOR_OR_READER,unknown_or_unavailable,NO_QUERY_DESCRIPTOR_OR_READER
statsComparisonPastureNationalSharePct,牧場用地面積－鄉鎮占全臺同類比,custom,,NO_QUERY_DESCRIPTOR_OR_READER,unknown_or_unavailable,NO_QUERY_DESCRIPTOR_OR_READER
statsComparisonPastureTownshipAdminAreaSharePct,牧場用地面積－占鄉鎮行政面積,custom,,NO_QUERY_DESCRIPTOR_OR_READER,unknown_or_unavailable,NO_QUERY_DESCRIPTOR_OR_READER
statsComparisonPastureTownshipOfCountySharePct,牧場用地面積－鄉鎮占所屬縣市同類比,custom,,NO_QUERY_DESCRIPTOR_OR_READER,unknown_or_unavailable,NO_QUERY_DESCRIPTOR_OR_READER
statsComparisonPortLandCountyAreaSharePct,港口用地面積－占縣市行政面積,custom,,NO_QUERY_DESCRIPTOR_OR_READER,unknown_or_unavailable,NO_QUERY_DESCRIPTOR_OR_READER
statsComparisonPortLandCountyLq,港口用地面積－縣市相對集中度 LQ,custom,,NO_QUERY_DESCRIPTOR_OR_READER,unknown_or_unavailable,NO_QUERY_DESCRIPTOR_OR_READER
statsComparisonPortLandCountyNationalSharePct,港口用地面積－縣市占全臺同類比,custom,,NO_QUERY_DESCRIPTOR_OR_READER,unknown_or_unavailable,NO_QUERY_DESCRIPTOR_OR_READER
statsComparisonPortLandCountyTotalHectare,港口用地面積－縣市面積,custom,,NO_QUERY_DESCRIPTOR_OR_READER,unknown_or_unavailable,NO_QUERY_DESCRIPTOR_OR_READER
statsComparisonPortLandNationalSharePct,港口用地面積－鄉鎮占全臺同類比,custom,,NO_QUERY_DESCRIPTOR_OR_READER,unknown_or_unavailable,NO_QUERY_DESCRIPTOR_OR_READER
statsComparisonPortLandTownshipAdminAreaSharePct,港口用地面積－占鄉鎮行政面積,custom,,NO_QUERY_DESCRIPTOR_OR_READER,unknown_or_unavailable,NO_QUERY_DESCRIPTOR_OR_READER
statsComparisonPortLandTownshipOfCountySharePct,港口用地面積－鄉鎮占所屬縣市同類比,custom,,NO_QUERY_DESCRIPTOR_OR_READER,unknown_or_unavailable,NO_QUERY_DESCRIPTOR_OR_READER
statsComparisonPostpartumNursingHomeOpenBedsPerBirths1000County,產後護理之家開放護理床數（人口比較）,custom,,NO_QUERY_DESCRIPTOR_OR_READER,unknown_or_unavailable,NO_QUERY_DESCRIPTOR_OR_READER
statsComparisonPostpartumNursingHomeOpenInfantBedsPerBirths1000County,產後護理之家開放嬰兒床數（人口比較）,custom,,NO_QUERY_DESCRIPTOR_OR_READER,unknown_or_unavailable,NO_QUERY_DESCRIPTOR_OR_READER
statsComparisonRailLandCountyAreaSharePct,鐵路用地面積－占縣市行政面積,custom,,NO_QUERY_DESCRIPTOR_OR_READER,unknown_or_unavailable,NO_QUERY_DESCRIPTOR_OR_READER
statsComparisonRailLandCountyLq,鐵路用地面積－縣市相對集中度 LQ,custom,,NO_QUERY_DESCRIPTOR_OR_READER,unknown_or_unavailable,NO_QUERY_DESCRIPTOR_OR_READER
statsComparisonRailLandCountyNationalSharePct,鐵路用地面積－縣市占全臺同類比,custom,,NO_QUERY_DESCRIPTOR_OR_READER,unknown_or_unavailable,NO_QUERY_DESCRIPTOR_OR_READER
statsComparisonRailLandCountyTotalHectare,鐵路用地面積－縣市面積,custom,,NO_QUERY_DESCRIPTOR_OR_READER,unknown_or_unavailable,NO_QUERY_DESCRIPTOR_OR_READER
statsComparisonRailLandNationalSharePct,鐵路用地面積－鄉鎮占全臺同類比,custom,,NO_QUERY_DESCRIPTOR_OR_READER,unknown_or_unavailable,NO_QUERY_DESCRIPTOR_OR_READER
statsComparisonRailLandTownshipAdminAreaSharePct,鐵路用地面積－占鄉鎮行政面積,custom,,NO_QUERY_DESCRIPTOR_OR_READER,unknown_or_unavailable,NO_QUERY_DESCRIPTOR_OR_READER
statsComparisonRailLandTownshipOfCountySharePct,鐵路用地面積－鄉鎮占所屬縣市同類比,custom,,NO_QUERY_DESCRIPTOR_OR_READER,unknown_or_unavailable,NO_QUERY_DESCRIPTOR_OR_READER
statsComparisonRegisteredNurseCountPer10000PopulationTownship,醫院護理師（每萬人口）,custom,,NO_QUERY_DESCRIPTOR_OR_READER,unknown_or_unavailable,NO_QUERY_DESCRIPTOR_OR_READER
statsComparisonRegisteredNurseCountPerKm2Township,醫院護理師（每平方公里）,custom,,NO_QUERY_DESCRIPTOR_OR_READER,unknown_or_unavailable,NO_QUERY_DESCRIPTOR_OR_READER
statsComparisonRoadLandCountyAreaSharePct,道路用地面積－占縣市行政面積,custom,,NO_QUERY_DESCRIPTOR_OR_READER,unknown_or_unavailable,NO_QUERY_DESCRIPTOR_OR_READER
statsComparisonRoadLandCountyLq,道路用地面積－縣市相對集中度 LQ,custom,,NO_QUERY_DESCRIPTOR_OR_READER,unknown_or_unavailable,NO_QUERY_DESCRIPTOR_OR_READER
statsComparisonRoadLandCountyNationalSharePct,道路用地面積－縣市占全臺同類比,custom,,NO_QUERY_DESCRIPTOR_OR_READER,unknown_or_unavailable,NO_QUERY_DESCRIPTOR_OR_READER
statsComparisonRoadLandCountyTotalHectare,道路用地面積－縣市面積,custom,,NO_QUERY_DESCRIPTOR_OR_READER,unknown_or_unavailable,NO_QUERY_DESCRIPTOR_OR_READER
statsComparisonRoadLandNationalSharePct,道路用地面積－鄉鎮占全臺同類比,custom,,NO_QUERY_DESCRIPTOR_OR_READER,unknown_or_unavailable,NO_QUERY_DESCRIPTOR_OR_READER
statsComparisonRoadLandTownshipAdminAreaSharePct,道路用地面積－占鄉鎮行政面積,custom,,NO_QUERY_DESCRIPTOR_OR_READER,unknown_or_unavailable,NO_QUERY_DESCRIPTOR_OR_READER
statsComparisonRoadLandTownshipOfCountySharePct,道路用地面積－鄉鎮占所屬縣市同類比,custom,,NO_QUERY_DESCRIPTOR_OR_READER,unknown_or_unavailable,NO_QUERY_DESCRIPTOR_OR_READER
statsComparisonUrbanBusOperatorCountPer10000Residents,市區客運業家數－每萬名居民,custom,,NO_QUERY_DESCRIPTOR_OR_READER,unknown_or_unavailable,NO_QUERY_DESCRIPTOR_OR_READER
statsComparisonUrbanBusOperatorCountPerKm2,市區客運業家數－每平方公里,custom,,NO_QUERY_DESCRIPTOR_OR_READER,unknown_or_unavailable,NO_QUERY_DESCRIPTOR_OR_READER
statsComparisonWasteRecyclingVehiclesPer10000Residents,資源（含廚餘）回收車輛數－每萬名居民,custom,,NO_QUERY_DESCRIPTOR_OR_READER,unknown_or_unavailable,NO_QUERY_DESCRIPTOR_OR_READER
statsComparisonWasteRecyclingVehiclesPerKm2,資源（含廚餘）回收車輛數－每平方公里,custom,,NO_QUERY_DESCRIPTOR_OR_READER,unknown_or_unavailable,NO_QUERY_DESCRIPTOR_OR_READER
statsComparisonWasteTotalVehiclesPer10000Residents,垃圾清運車輛總數－每萬名居民,custom,,NO_QUERY_DESCRIPTOR_OR_READER,unknown_or_unavailable,NO_QUERY_DESCRIPTOR_OR_READER
statsComparisonWasteTotalVehiclesPerKm2,垃圾清運車輛總數－每平方公里,custom,,NO_QUERY_DESCRIPTOR_OR_READER,unknown_or_unavailable,NO_QUERY_DESCRIPTOR_OR_READER
statsComparisonWesternPhysicianCountPer10000PopulationTownship,醫院西醫師（每萬人口）,custom,,NO_QUERY_DESCRIPTOR_OR_READER,unknown_or_unavailable,NO_QUERY_DESCRIPTOR_OR_READER
statsComparisonWesternPhysicianCountPerKm2Township,醫院西醫師（每平方公里）,custom,,NO_QUERY_DESCRIPTOR_OR_READER,unknown_or_unavailable,NO_QUERY_DESCRIPTOR_OR_READER
statsConiferForestAreaTownship,針葉林用地面積,custom,,NO_QUERY_DESCRIPTOR_OR_READER,unknown_or_unavailable,NO_QUERY_DESCRIPTOR_OR_READER
statsCropHarvestedAreaTownship,作物收穫面積,custom,,NO_QUERY_DESCRIPTOR_OR_READER,unknown_or_unavailable,NO_QUERY_DESCRIPTOR_OR_READER
statsCropPlantedAreaTownship,作物種植面積,custom,,NO_QUERY_DESCRIPTOR_OR_READER,unknown_or_unavailable,NO_QUERY_DESCRIPTOR_OR_READER
statsCropProductionTownship,作物收量,custom,,NO_QUERY_DESCRIPTOR_OR_READER,unknown_or_unavailable,NO_QUERY_DESCRIPTOR_OR_READER
statsCropYieldTownship,每公頃收穫量,custom,,NO_QUERY_DESCRIPTOR_OR_READER,unknown_or_unavailable,NO_QUERY_DESCRIPTOR_OR_READER
statsDryFieldAreaTownship,旱田用地面積,custom,,NO_QUERY_DESCRIPTOR_OR_READER,unknown_or_unavailable,NO_QUERY_DESCRIPTOR_OR_READER
statsEducationElementarySchool,國小－學校端,custom,,NO_QUERY_DESCRIPTOR_OR_READER,unknown_or_unavailable,NO_QUERY_DESCRIPTOR_OR_READER
statsEducationElementaryStudent,國小－學生端,custom,,NO_QUERY_DESCRIPTOR_OR_READER,unknown_or_unavailable,NO_QUERY_DESCRIPTOR_OR_READER
statsEducationElementaryTeacher,國小－老師端,custom,,NO_QUERY_DESCRIPTOR_OR_READER,unknown_or_unavailable,NO_QUERY_DESCRIPTOR_OR_READER
statsEducationJuniorHighSchool,國中－學校端,custom,,NO_QUERY_DESCRIPTOR_OR_READER,unknown_or_unavailable,NO_QUERY_DESCRIPTOR_OR_READER
statsEducationJuniorHighStudent,國中－學生端,custom,,NO_QUERY_DESCRIPTOR_OR_READER,unknown_or_unavailable,NO_QUERY_DESCRIPTOR_OR_READER
statsEducationJuniorHighTeacher,國中－老師端,custom,,NO_QUERY_DESCRIPTOR_OR_READER,unknown_or_unavailable,NO_QUERY_DESCRIPTOR_OR_READER
statsEducationPreschoolSchool,幼兒園－學校端,custom,,NO_QUERY_DESCRIPTOR_OR_READER,unknown_or_unavailable,NO_QUERY_DESCRIPTOR_OR_READER
statsEducationPreschoolStudent,幼兒園－學生端,custom,,NO_QUERY_DESCRIPTOR_OR_READER,unknown_or_unavailable,NO_QUERY_DESCRIPTOR_OR_READER
statsEducationPreschoolTeacher,幼兒園－老師端,custom,,NO_QUERY_DESCRIPTOR_OR_READER,unknown_or_unavailable,NO_QUERY_DESCRIPTOR_OR_READER
statsEducationSeniorHighSchool,高中－學校端,custom,,NO_QUERY_DESCRIPTOR_OR_READER,unknown_or_unavailable,NO_QUERY_DESCRIPTOR_OR_READER
statsEducationSeniorHighStudent,高中－學生端,custom,,NO_QUERY_DESCRIPTOR_OR_READER,unknown_or_unavailable,NO_QUERY_DESCRIPTOR_OR_READER
statsEducationSeniorHighTeacher,高中－老師端,custom,,NO_QUERY_DESCRIPTOR_OR_READER,unknown_or_unavailable,NO_QUERY_DESCRIPTOR_OR_READER
statsFisheryProductionCounty,漁業生產量,custom,,NO_QUERY_DESCRIPTOR_OR_READER,unknown_or_unavailable,NO_QUERY_DESCRIPTOR_OR_READER
statsFisheryProductionValueCounty,漁業生產值,custom,,NO_QUERY_DESCRIPTOR_OR_READER,unknown_or_unavailable,NO_QUERY_DESCRIPTOR_OR_READER
statsLivestockBuildingAreaTownship,畜禽舍用地面積,custom,,NO_QUERY_DESCRIPTOR_OR_READER,unknown_or_unavailable,NO_QUERY_DESCRIPTOR_OR_READER
statsLivestockFarmCountTownship,畜禽飼養場數,custom,,NO_QUERY_DESCRIPTOR_OR_READER,unknown_or_unavailable,NO_QUERY_DESCRIPTOR_OR_READER
statsLivestockHeadCountTownship,畜禽在養數量,custom,,NO_QUERY_DESCRIPTOR_OR_READER,unknown_or_unavailable,NO_QUERY_DESCRIPTOR_OR_READER
statsMaritimeSubsidyCounty,航港局獎補助金額（受補助對象所在地）,custom,,NO_QUERY_DESCRIPTOR_OR_READER,unknown_or_unavailable,NO_QUERY_DESCRIPTOR_OR_READER
statsMixedForestAreaTownship,混合林用地面積,custom,,NO_QUERY_DESCRIPTOR_OR_READER,unknown_or_unavailable,NO_QUERY_DESCRIPTOR_OR_READER
statsMotorcycleLicenseHoldersCount,機車駕照持有人數,custom,,NO_QUERY_DESCRIPTOR_OR_READER,unknown_or_unavailable,NO_QUERY_DESCRIPTOR_OR_READER
statsMotorcycleRegisteredCount,機車登記數,custom,,NO_QUERY_DESCRIPTOR_OR_READER,unknown_or_unavailable,NO_QUERY_DESCRIPTOR_OR_READER
statsOffstreetSmallCarParkingSpacesCount,小型汽車路外停車位,custom,,NO_QUERY_DESCRIPTOR_OR_READER,unknown_or_unavailable,NO_QUERY_DESCRIPTOR_OR_READER
statsOnstreetSmallCarParkingSpacesCount,小型汽車路邊停車位,custom,,NO_QUERY_DESCRIPTOR_OR_READER,unknown_or_unavailable,NO_QUERY_DESCRIPTOR_OR_READER
statsOrchardAreaTownship,果園用地面積,custom,,NO_QUERY_DESCRIPTOR_OR_READER,unknown_or_unavailable,NO_QUERY_DESCRIPTOR_OR_READER
statsPastureAreaTownship,牧場用地面積,custom,,NO_QUERY_DESCRIPTOR_OR_READER,unknown_or_unavailable,NO_QUERY_DESCRIPTOR_OR_READER
statsPigWaterCounty,養豬用水量（歷史統計）,custom,,NO_QUERY_DESCRIPTOR_OR_READER,unknown_or_unavailable,NO_QUERY_DESCRIPTOR_OR_READER
statsPortLandAreaTownship,港口用地面積,custom,,NO_QUERY_DESCRIPTOR_OR_READER,unknown_or_unavailable,NO_QUERY_DESCRIPTOR_OR_READER
statsRailLandAreaTownship,鐵路用地面積,custom,,NO_QUERY_DESCRIPTOR_OR_READER,unknown_or_unavailable,NO_QUERY_DESCRIPTOR_OR_READER
statsRecyclingCounty,資源回收車輛數,custom,,NO_QUERY_DESCRIPTOR_OR_READER,unknown_or_unavailable,NO_QUERY_DESCRIPTOR_OR_READER
statsResidentialElectricity,住宅每月售電量,custom,,NO_QUERY_DESCRIPTOR_OR_READER,unknown_or_unavailable,NO_QUERY_DESCRIPTOR_OR_READER
statsRiceHarvest,全年稻作收穫面積（複種計次）,custom,,NO_QUERY_DESCRIPTOR_OR_READER,unknown_or_unavailable,NO_QUERY_DESCRIPTOR_OR_READER
statsRoadLandAreaTownship,道路用地面積,custom,,NO_QUERY_DESCRIPTOR_OR_READER,unknown_or_unavailable,NO_QUERY_DESCRIPTOR_OR_READER
statsTaichungRoadNoiseMonitoringStations,臺中市道路交通噪音監測站數,custom,,NO_QUERY_DESCRIPTOR_OR_READER,unknown_or_unavailable,NO_QUERY_DESCRIPTOR_OR_READER
statsTaipeiRiversideBicycles,河濱公園自行車數,custom,,NO_QUERY_DESCRIPTOR_OR_READER,unknown_or_unavailable,NO_QUERY_DESCRIPTOR_OR_READER
statsTaipeiRiversideRentalStations,河濱公園租借站數,custom,,NO_QUERY_DESCRIPTOR_OR_READER,unknown_or_unavailable,NO_QUERY_DESCRIPTOR_OR_READER
statsTaipeiRiversideRentalTrips,河濱公園年租借次數,custom,,NO_QUERY_DESCRIPTOR_OR_READER,unknown_or_unavailable,NO_QUERY_DESCRIPTOR_OR_READER
statsTaipeiTrafficViolationCitations,臺北市交通違規舉發筆數（法條）,custom,,NO_QUERY_DESCRIPTOR_OR_READER,unknown_or_unavailable,NO_QUERY_DESCRIPTOR_OR_READER
statsTaipeiUrbanRentalStations,市區自行車租借站數,custom,,NO_QUERY_DESCRIPTOR_OR_READER,unknown_or_unavailable,NO_QUERY_DESCRIPTOR_OR_READER
statsTaipeiUrbanRentalTrips,市區自行車年租借次數,custom,,NO_QUERY_DESCRIPTOR_OR_READER,unknown_or_unavailable,NO_QUERY_DESCRIPTOR_OR_READER
statsTaoyuanAirportArrivals,桃園機場所在地入境旅客人次,custom,,NO_QUERY_DESCRIPTOR_OR_READER,unknown_or_unavailable,NO_QUERY_DESCRIPTOR_OR_READER
statsTaoyuanAirportDepartures,桃園機場所在地出境旅客人次,custom,,NO_QUERY_DESCRIPTOR_OR_READER,unknown_or_unavailable,NO_QUERY_DESCRIPTOR_OR_READER
statsTaoyuanAirportPassengerMovements,桃園機場所在地旅客人次總計,custom,,NO_QUERY_DESCRIPTOR_OR_READER,unknown_or_unavailable,NO_QUERY_DESCRIPTOR_OR_READER
statsTaoyuanAirportTransit,桃園機場所在地過境旅客人次,custom,,NO_QUERY_DESCRIPTOR_OR_READER,unknown_or_unavailable,NO_QUERY_DESCRIPTOR_OR_READER
statsTmrtStationOutboundCounty,中捷車站所在地出站人次,custom,,NO_QUERY_DESCRIPTOR_OR_READER,unknown_or_unavailable,NO_QUERY_DESCRIPTOR_OR_READER
statsWasteCounty,垃圾清運車輛數,custom,,NO_QUERY_DESCRIPTOR_OR_READER,unknown_or_unavailable,NO_QUERY_DESCRIPTOR_OR_READER
statsWasteRecyclingRate,一般廢棄物回收率,custom,,NO_QUERY_DESCRIPTOR_OR_READER,unknown_or_unavailable,NO_QUERY_DESCRIPTOR_OR_READER
statsWaterSupplyHistorical,供水普及率（2015 年，7 縣市）,custom,,NO_QUERY_DESCRIPTOR_OR_READER,unknown_or_unavailable,NO_QUERY_DESCRIPTOR_OR_READER
streetTreesNational,行道樹全國 Street Trees TW,pmtiles,./urban/street_trees_national.pmtiles,NO_QUERY_DESCRIPTOR_OR_READER,unknown_or_unavailable,NO_QUERY_DESCRIPTOR_OR_READER
streetTreesTaipei3epoch,行道樹三時點 Street Tree 3-Epoch,pmtiles,./urban/street_trees_taipei_3epoch.pmtiles,NO_QUERY_DESCRIPTOR_OR_READER,unknown_or_unavailable,NO_QUERY_DESCRIPTOR_OR_READER
streetTreesTaipeiDiff,行道樹變化 Street Tree Diff,pmtiles,./urban/street_trees_taipei_diff.pmtiles,NO_QUERY_DESCRIPTOR_OR_READER,unknown_or_unavailable,NO_QUERY_DESCRIPTOR_OR_READER
substationEhvGlow,變電所 EHV Bloom 測試 ⚡✨,custom,,NO_QUERY_DESCRIPTOR_OR_READER,unknown_or_unavailable,NO_QUERY_DESCRIPTOR_OR_READER
taipeiEvacuate,北市疏散門 Evacuate Gate (TP),custom,,NO_QUERY_DESCRIPTOR_OR_READER,unknown_or_unavailable,NO_QUERY_DESCRIPTOR_OR_READER
taipeiPumb,北市抽水站 Pump Station (TP),custom,,NO_QUERY_DESCRIPTOR_OR_READER,unknown_or_unavailable,NO_QUERY_DESCRIPTOR_OR_READER
taipeiSewer,北市下水道水位 Sewer (TP),custom,,NO_QUERY_DESCRIPTOR_OR_READER,unknown_or_unavailable,NO_QUERY_DESCRIPTOR_OR_READER
temperatureGrid,溫度網格 Temperature Grid,custom,,NO_QUERY_DESCRIPTOR_OR_READER,unknown_or_unavailable,NO_QUERY_DESCRIPTOR_OR_READER
temperatureWave,溫度波 Temperature Wave,custom,,NO_QUERY_DESCRIPTOR_OR_READER,unknown_or_unavailable,NO_QUERY_DESCRIPTOR_OR_READER
touristShuttleLive,台灣好行 Tourist Shuttle,custom,,NO_QUERY_DESCRIPTOR_OR_READER,unknown_or_unavailable,NO_QUERY_DESCRIPTOR_OR_READER
townshipBoundary,鄉鎮市區界 Township,pmtiles,./base_map/township_boundary.pmtiles,NO_QUERY_DESCRIPTOR_OR_READER,unknown_or_unavailable,NO_QUERY_DESCRIPTOR_OR_READER
transitAlerts,交通阻斷 Transit Alerts,custom,,NO_QUERY_DESCRIPTOR_OR_READER,unknown_or_unavailable,NO_QUERY_DESCRIPTOR_OR_READER
treePitsTaipei,人行道樹穴 Tree Pits,pmtiles,./urban/tree_pits_taipei.pmtiles,NO_QUERY_DESCRIPTOR_OR_READER,unknown_or_unavailable,NO_QUERY_DESCRIPTOR_OR_READER
typhoonTracks,颱風軌跡 Typhoon Track,custom,,NO_QUERY_DESCRIPTOR_OR_READER,unknown_or_unavailable,NO_QUERY_DESCRIPTOR_OR_READER
urbanFormGrid,都市紋理網格 Urban Form,pmtiles,./urban/urban_form_grid_500m.pmtiles,NO_QUERY_DESCRIPTOR_OR_READER,unknown_or_unavailable,NO_QUERY_DESCRIPTOR_OR_READER
urbanHeat,都市熱島 Urban Heat,pmtiles,./environment/urban_heat_lst_taiwan.pmtiles,NO_QUERY_DESCRIPTOR_OR_READER,unknown_or_unavailable,NO_QUERY_DESCRIPTOR_OR_READER
urbanZoningNewTaipei,新北土地使用分區 New Taipei Zoning,pmtiles,./urban/urban_zoning_newtaipei.pmtiles,NO_QUERY_DESCRIPTOR_OR_READER,unknown_or_unavailable,NO_QUERY_DESCRIPTOR_OR_READER
vesselWatch,特殊船舶 Vessel Watch,custom,,NO_QUERY_DESCRIPTOR_OR_READER,unknown_or_unavailable,NO_QUERY_DESCRIPTOR_OR_READER
villageBoundary,村里界 Village,pmtiles,./base_map/village_boundary.pmtiles,NO_QUERY_DESCRIPTOR_OR_READER,unknown_or_unavailable,NO_QUERY_DESCRIPTOR_OR_READER
wasteCleaningSquads,清潔隊 Squads,custom,,NO_QUERY_DESCRIPTOR_OR_READER,unknown_or_unavailable,NO_QUERY_DESCRIPTOR_OR_READER
wasteRoute,wasteRoute,custom,,NO_QUERY_DESCRIPTOR_OR_READER,unknown_or_unavailable,NO_QUERY_DESCRIPTOR_OR_READER
wasteSchedule,垃圾車（表定） Schedule,custom,,NO_QUERY_DESCRIPTOR_OR_READER,unknown_or_unavailable,NO_QUERY_DESCRIPTOR_OR_READER
wasteScheduleNote,　└ 表定音符 Notes 🎵,custom,,NO_QUERY_DESCRIPTOR_OR_READER,unknown_or_unavailable,NO_QUERY_DESCRIPTOR_OR_READER
wasteStop,wasteStop,custom,,NO_QUERY_DESCRIPTOR_OR_READER,unknown_or_unavailable,NO_QUERY_DESCRIPTOR_OR_READER
wasteTruck,垃圾車 Truck (含音符),custom,,NO_QUERY_DESCRIPTOR_OR_READER,unknown_or_unavailable,NO_QUERY_DESCRIPTOR_OR_READER
waterCanals,灌排渠道 Canal,pmtiles,./geo/water_canals.pmtiles,NO_QUERY_DESCRIPTOR_OR_READER,unknown_or_unavailable,NO_QUERY_DESCRIPTOR_OR_READER
waterFloodExtreme,淹水潛勢 Flood 650mm/24h,pmtiles,./geo/water_flood_extreme.pmtiles,NO_QUERY_DESCRIPTOR_OR_READER,unknown_or_unavailable,NO_QUERY_DESCRIPTOR_OR_READER
waterLevees,堤防 Levee,pmtiles,./geo/water_levees.pmtiles,NO_QUERY_DESCRIPTOR_OR_READER,unknown_or_unavailable,NO_QUERY_DESCRIPTOR_OR_READER
waterReservoirs,水庫 Reservoir,geojson|pmtiles,./geo/water_reservoirs.pmtiles|./geo/water_dams.geojson,NO_QUERY_DESCRIPTOR_OR_READER,unknown_or_unavailable,NO_QUERY_DESCRIPTOR_OR_READER
waterRivers,河川 River,pmtiles,./geo/water_river_polygons.pmtiles|./geo/water_rivers.pmtiles,NO_QUERY_DESCRIPTOR_OR_READER,unknown_or_unavailable,NO_QUERY_DESCRIPTOR_OR_READER
wdBattery,電池回收 Battery,custom,,NO_QUERY_DESCRIPTOR_OR_READER,unknown_or_unavailable,NO_QUERY_DESCRIPTOR_OR_READER
wdClothes,衣物回收箱 Clothes,custom,,NO_QUERY_DESCRIPTOR_OR_READER,unknown_or_unavailable,NO_QUERY_DESCRIPTOR_OR_READER
wdMixed,混合投放點 Mixed,custom,,NO_QUERY_DESCRIPTOR_OR_READER,unknown_or_unavailable,NO_QUERY_DESCRIPTOR_OR_READER
wdRecyclingContainer,街頭資收桶 Container,custom,,NO_QUERY_DESCRIPTOR_OR_READER,unknown_or_unavailable,NO_QUERY_DESCRIPTOR_OR_READER
weatherAlerts,氣象特報 Weather Alerts,custom,,NO_QUERY_DESCRIPTOR_OR_READER,unknown_or_unavailable,NO_QUERY_DESCRIPTOR_OR_READER
wfIncinerator,焚化爐 Incinerator,custom,,NO_QUERY_DESCRIPTOR_OR_READER,unknown_or_unavailable,NO_QUERY_DESCRIPTOR_OR_READER
wfLandfill,衛生掩埋場 Landfill,custom,,NO_QUERY_DESCRIPTOR_OR_READER,unknown_or_unavailable,NO_QUERY_DESCRIPTOR_OR_READER
wfLandfillCoastal,濱海掩埋場 Coastal,custom,,NO_QUERY_DESCRIPTOR_OR_READER,unknown_or_unavailable,NO_QUERY_DESCRIPTOR_OR_READER
wfMedical,醫療廢棄物 Medical,custom,,NO_QUERY_DESCRIPTOR_OR_READER,unknown_or_unavailable,NO_QUERY_DESCRIPTOR_OR_READER
wfMonitoring,地下水監測井 Monitor,custom,,NO_QUERY_DESCRIPTOR_OR_READER,unknown_or_unavailable,NO_QUERY_DESCRIPTOR_OR_READER
wfOther,其他事廢設施 Other,custom,,NO_QUERY_DESCRIPTOR_OR_READER,unknown_or_unavailable,NO_QUERY_DESCRIPTOR_OR_READER
wfRecycling,資源回收廠 Recycling,custom,,NO_QUERY_DESCRIPTOR_OR_READER,unknown_or_unavailable,NO_QUERY_DESCRIPTOR_OR_READER
wfScrapYard,廢車 / 廢金屬 Scrap,custom,,NO_QUERY_DESCRIPTOR_OR_READER,unknown_or_unavailable,NO_QUERY_DESCRIPTOR_OR_READER
wfTransfer,轉運站 Transfer,custom,,NO_QUERY_DESCRIPTOR_OR_READER,unknown_or_unavailable,NO_QUERY_DESCRIPTOR_OR_READER
windField,風場 Wind Field 10m,custom,,NO_QUERY_DESCRIPTOR_OR_READER,unknown_or_unavailable,NO_QUERY_DESCRIPTOR_OR_READER
worldTrashDebris,垃圾與殘骸觀測 Trash & Debris Observations,custom,./world/trash_debris.geojson,NO_QUERY_DESCRIPTOR_OR_READER,unknown_or_unavailable,NO_QUERY_DESCRIPTOR_OR_READER
youbikeFullness,YouBike 有車率 Fullness,custom,,NO_QUERY_DESCRIPTOR_OR_READER,unknown_or_unavailable,NO_QUERY_DESCRIPTOR_OR_READER
